Index,URL,Redirected Website,.sg TLD on eventual redirected website,"Whether there is a DPO contact? 
(Wait for reply)
Y = 2
N = 1","Purpose for collecting data stated? 
Y = 2
N = 1 ","Whether there is DPP that can be accessed from the web page OR available on request via email within 7/14 days?
Y = 2
N = 1","Whether there is DPP that can be accessed from the web page?
Y = 2
N = 1","Whether DPP notifies the type of data collected
Y = 2
N =1","Whether they will notify for material amendments

2: Notification extraneous to DPP e.g. email, prominent notice on website 

1: Notification within DPP e.g. last updated, asks users to check back

0: No mention about material amendments/ any form of notice","Whether DPP provides notice of data procedures upon sale, merger, acquisition of the company or otherwise ceases to exist
Y = 2
N = 1 ","Does the DPP provide that data will not be sold?
2: unqualified 
1: qualified
0: no mention","Whether DPP provides a procedure for, or allows consumers to submit a request to an organisation for access AND correction of personal data? (whether for a fee or not;)
Both = 2 
Either = 1
General/No mention = 0","Whether DPP provides information on specific period of data retention 
Specific e.g. 1 year, as long as necessary to [purpose/activity] = 2
General e.g. reasonable  = 1
No mention = 0","Does the DPP provide for personal data transferred/located overseas?  
Transfer = 2
No transfer = 1
No mention = 0","Whether DPP states last amended date?
Y: 2
N: 1","Whether DPP identifies means of substantive privacy and security protections incorporated into operating procedures 
Specific examples (e.g. limiting access to data)  = 2
General measures = 1
No mention = 0","Whether DPP Identifies means of technological security (e.g. encryption, private servers)
Specific e.g. SSL = 2 
General e.g. industry standard = 1
No mention = 0","Does the DPP provide the sharing of personal data with third parties? 
Y = 2
N = 1
No Mention = 0","Are third parties engaged to collect personal information on the website’s behalf? 
Y = 2
N = 1
No Mention = 0","Are independent third parties allowed to collect personal information on the website for their own purposes? 
Y = 2 
N = 1
NA = 0",Comprehensiveness of DPP Score,Total Visits from everywhere (3months),Total visitors from SG (3 Months),% of total visits from SG,"Whether there is a SG office? 
Y = 2
N = 1","Listed / non-listed
Y = 2 
N = 1","When was the DPP last amended?
0 = Nan
1 = 2013 and before
2 = 2014
3 = 2015
4 = 2016
5 = 2017",Categories: Entertainment/Lifestyle,Categories:Travel,Categories: Fashion,Categories: Beauty and Cosmetics,Categories: IT/Electronics,Categories: Gift/ Collectibles,Categories: Food or Groceries,Categories: Financial services,Categories:Others,Length of DPP (number of words),Number of Cookies ,"Is the login page secured through “https://”? 
Y = 2
N = 1","Whether EU's Data Protection Directive / General Data Protection Regulations are mentioned 
Y = 2
N = 1","Whether SG's PDPA is mentioned? 
Y = 2
N = 1","Any other legislation mentioned?
Y = 2
N = 1",Accessibility (number of clicks),"Readability  (numbers of sections)
If only DPP header: 0","Whether there is simplified english
Y = 2
N = 1",Flesch Reading Ease test scores,Flesch Reading Ease test scores (Calculated),"Whether there is a notice of consent to privacy policy when creating an account? 
Y = 2
N = 1
No account = 0","Whether there is a notice of consent to privacy policy when entering into transactions? 
Y = 2 
N = 1
No transaction = 0","
Name; 
Address;
Contact Number;
Salary
Employer
Gender
NRIC 
Social data 

Contact information is collected 
Y = 2
N = 1
NA = 0","IP address; 
Browser type;
OS


Computer information is collected
Y = 2
N = 1
NA = 0","Credit Card details;
Any other payment details

Financial information is collected
Y = 2
N = 1
NA = 0","Browsing Behaviour; 
Search History

Interactive information is collected
Y = 2
N = 1
NA = 0","Upload media; 
Personal communications;
stored documents;


Content is collected
Y = 2
N = 1
NA = 0","racial or ethnic origin;
political opinion;
religious or philosophical beliefs;
trade-union membership; and data concerning health or sex life 

Sensitive information is collected 
Y = 2
N = 1
NA = 0","Are “third party providers” (data shared with/engaged to collect data) explicitly identified in the DPP?
Specific companies = 2
General groups e.g. delivery services, payment processing, customer support = 1
No elaboration = 0","Does the DPP expressly state that it does not apply to information collected by third parties on their own website? (i.e. are third parties bound by the same privacy policy) 
Y = 2
N = 1",Last amended date,Last amended (days from 01/04/17)
1,99.co,,0,1,1,2,2,1,0,1,0,0,0,0,1,0,0,0,0,0,0,756794,599456.53,79.21,2,1,0,0,0,0,0,0,0,0,0,1,179,18,2,1,2,1,1,0,1,16.7,48.95,2,0,0,0,0,0,0,0,0,1,NaN,
2,adidas.com.sg,,1,1,2,2,2,2,1,1,1,1,0,2,1,2,1,2,0,1,9,765939,601108.93,78.48,2,2,0,0,0,1,0,0,0,0,0,0,1643,38,2,1,1,1,1,11,1,42.2,51.16,1,2,2,2,0,2,0,0,1,1,NaN,
3,"Adobe.com
",http://www.adobe.com/sea/,0,1,2,2,2,2,1,2,0,2,2,2,2,1,1,2,0,2,11,1070000000,3103000,0.29,2,2,4,0,0,0,0,1,0,0,0,0,2960,34,2,2,1,1,1,14,1,41.8,47.2,2,2,2,2,2,2,2,0,1,1,42537,289
4,"Agoda.com
",,0,2,2,2,2,2,2,2,0,2,0,2,2,1,2,2,0,0,9.5,96520000,3773932,3.91,2,2,4,0,1,0,0,0,0,0,0,0,3082,53,2,1,1,1,1,12,1,33.2,42.08,1,2,2,2,2,2,0,0,1,1,42705,121
5,"Airasia.com
",,0,2,2,2,2,2,2,2,2,2,0,2,1,0,0,2,2,0,9,58170000,2001048,3.44,1,2,0,0,1,0,0,0,0,0,0,0,2151,60,2,1,1,1,1,13,1,33.7,39.02,2,2,2,2,2,2,0,0,1,1,NaN,
6,Airbnb.com.sg,,1,2,2,2,2,2,2,2,1,2,0,2,2,1,1,2,2,2,11,2422000,2051191.8,84.69,2,1,4,0,1,0,0,0,0,0,0,0,7342,27,2,1,1,2,2,16,1,35.8,50.62,2,1,2,2,2,2,2,2,1,1,42670,156
8,"Aliexpress.com
",,0,2,2,2,2,2,1,1,0,2,0,2,2,1,1,2,0,0,8,1984000000,4761600,0.24,1,2,4,0,0,1,1,1,1,0,0,1,2569,47,2,1,1,1,1,9,1,29.5,52.49,2,2,2,2,2,2,0,0,1,1,42632,194
9,alldealsasia.com,https://www.deals-singapore.com/AllDealsAsia,0,1,2,2,2,2,1,2,0,2,0,0,1,0,2,2,0,0,7,5013,2735.59,54.57,2,2,0,1,1,1,1,1,1,1,0,0,2413,37,2,1,1,1,1,10,1,26.4,44.63,1,0,2,2,2,2,2,0,1,2,NaN,
10,"Amazon.co.uk
",,0,1,2,2,2,2,2,2,2,0,0,2,2,1,2,2,2,2,11.5,1478000000,1773600,0.12,1,2,4,0,0,1,1,1,1,0,0,1,4025,45,2,1,1,2,1,19,1,38.8,46.2,2,2,2,2,2,2,2,0,1,2,42643,183
11,"Amazon.com
",,0,1,2,2,2,2,2,2,2,0,0,0,2,0,2,2,2,2,10,7993000000,21581100,0.27,1,2,4,0,0,1,1,1,1,1,0,1,3521,14,2,1,1,2,1,13,1,39.7,42.22,2,2,2,2,2,2,2,0,1,2,42643,183
12,Amazon.in,,0,1,2,2,2,2,2,2,2,0,0,2,1,1,2,2,2,2,10.5,598700000,1197400,0.2,1,2,0,0,0,1,1,1,1,1,0,1,3365,20,2,1,1,2,1,13,1,37.4,45.3,2,1,2,2,2,2,2,0,1,2,NaN,
13,Amazonaws.com,,0,1,2,2,2,2,2,2,2,0,0,0,2,0,2,2,2,2,10,103500000,51750,0.05,1,2,4,0,0,0,0,1,0,0,0,0,3807,47,2,1,1,2,1,14,1,39.5,42.92,2,0,2,2,2,2,2,0,1,2,42643,183
14,Americanexpress.com,,0,2,2,2,2,2,1,2,0,2,2,2,2,1,2,2,2,2,12.5,225600000,1082880,0.48,2,2,2,0,0,0,0,0,0,0,1,0,5661,31,2,1,1,1,1,29,1,37.2,46.99,0,0,2,2,2,2,0,0,1,1,41957,869
15,"Apple.com
",http://www.apple.com/sg/,0,1,2,2,2,2,2,2,0,2,2,2,2,1,2,2,0,0,10.5,1799000000,8995000,0.5,2,2,4,0,0,0,0,1,0,0,0,0,3168,34,2,1,1,1,1,13,1,33.4,37.06,2,2,2,2,2,2,2,0,1,1,42625,201
16,"Asos.com
",,0,1,2,2,2,2,2,2,1,2,2,0,2,1,2,2,2,2,12.5,197600000,2193360,1.11,1,2,4,0,0,0,0,0,0,0,0,0,6882,151,2,1,1,2,1,12,1,39.4,50.15,2,2,2,2,2,2,2,0,1,1,42675,151
17,"Asus.com
",,0,1,2,2,2,2,2,1,0,0,0,2,2,1,1,2,2,0,8,191200000,1300160,0.68,2,2,4,0,0,0,0,1,0,0,0,0,2632,17,2,1,1,1,1,12,1,37.2,46.34,2,0,2,2,2,2,2,1,2,1,42452,374
18,"Avg.com
",,0,1,2,2,2,2,1,2,2,2,2,2,2,1,1,2,1,0,12,391000000,1368500,0.35,1,2,3,0,0,0,0,1,0,0,0,0,3258,133,2,1,1,1,1,15,2,42.5,54.73,1,2,2,2,2,2,0,0,2,1,42292,534
19,awsmarket.com.sg/,,1,2,2,2,2,2,1,1,2,2,2,2,1,1,1,2,0,0,9,6395,6395,100,2,1,0,0,0,0,0,0,0,1,0,0,2197,25,1,1,2,2,1,14,1,41.6,67.01,2,2,2,2,2,2,0,0,1,1,NaN,
20,axs.com.sg,,1,2,2,2,2,2,1,1,2,2,0,0,2,2,2,2,0,0,9,627663,575818.04,91.74,2,1,1,0,0,0,0,0,0,0,0,1,1553,6,2,1,2,1,1,5,1,33.3,63.22,0,1,2,2,0,2,2,0,1,1,41430,1396
21,bakerzin.com/,,0,2,2,2,2,2,2,2,1,2,0,2,1,2,1,2,0,0,9.5,55369,50967.16,92.05,2,1,0,0,0,0,0,0,0,1,0,0,1885,5,2,1,2,1,1,12,1,36.4,47.88,2,2,2,2,2,2,0,0,1,1,NaN,
22,"Battle.net
",,0,2,2,2,2,2,2,2,2,2,2,2,2,0,2,2,2,2,13,301700000,1568840,0.52,2,2,5,0,0,0,0,1,0,0,0,0,3895,53,2,1,1,1,1,16,1,35.7,45.46,2,2,2,2,2,2,2,0,2,2,42775,51
23,"Bbc.co.uk
",http://www.bbc.com/,0,1,2,2,2,2,2,1,0,2,2,0,2,0,0,2,0,2,8,1775000000,2485000,0.14,2,1,4,0,0,0,0,0,0,0,0,1,4921,37,2,1,1,2,1,20,2,49,63.9,2,0,2,2,0,2,2,0,1,2,42716,110
24,beautybay.com/,,0,1,2,2,2,2,0,1,2,2,0,0,1,0,2,2,2,2,8,13460000,130562,0.97,1,1,0,0,0,0,1,0,0,0,0,0,1098,22,2,1,1,2,2,2,1,48.9,56.08,1,2,2,2,0,2,0,0,2,2,NaN,
25,bemyguest.com.sg/,,1,1,2,2,2,2,1,2,2,0,0,1,1,1,1,2,2,0,9,71552,19934.39,27.86,2,1,0,0,1,0,0,0,0,0,0,0,1247,28,2,1,1,1,1,4,1,27.7,41.82,2,1,2,2,2,2,2,0,2,1,NaN,
28,bhphotovideo.com,,0,1,2,2,2,2,1,1,2,2,0,2,2,0,2,2,0,0,9,133400000,640320,0.48,1,1,4,0,0,0,0,1,0,0,0,0,2561,100,2,1,1,2,1,18,1,33.1,52.31,1,1,2,2,2,2,0,0,1,1,42590,236
29,bicycles.sg/,,1,1,1,1,1,,,,,,,,,,,,,,,70311,58161.26,82.72,1,2,,1,0,0,0,0,0,0,0,0,,6,2,,,,,,,,,1,1,,,,,,,,,Nan,
30,bnz.co.nz/,,0,1,2,2,2,1,0,1,0,2,0,2,1,0,1,2,0,0,4.5,7453756.09,3726.88,0.05,2,2,0,0,0,0,0,0,0,0,1,0,677,37,2,1,1,2,1,5,1,31.7,36.77,0,0,0,0,0,0,0,0,2,1,NaN,
32,Bongacams.com,,0,1,2,2,2,2,1,2,0,0,0,0,2,0,0,2,0,0,6,412100000,370890,0.09,1,1,1,0,0,0,0,0,0,0,0,1,1456,10,2,1,1,2,1,6,1,22,48.34,2,1,2,2,2,2,2,0,0,1,41536,1290
33,"Booking.com
",,0,1,2,2,2,2,1,0,0,2,0,0,1,1,1,2,2,0,6,824500000,3298000,0.4,2,2,0,0,1,0,0,0,0,0,0,0,6967,77,2,1,1,1,1,15,2,42.2,45.98,2,2,2,2,2,2,2,0,2,1,NaN,
34,booksactuallyshop.com,,0,1,2,2,2,1,0,1,0,0,0,0,1,0,0,1,0,0,2,59492,38443.73,64.62,2,1,0,1,0,0,0,0,0,0,0,0,42,50,2,1,1,1,1,0,1,51.9,57.19,1,1,0,0,0,0,0,0,0,1,NaN,
35,bpiexpressonline.com/,https://secure1.bpiexpressonline.com/AuthFiles/login.aspx?URL=/direct_signin.htm,0,1,1,2,2,1,0,1,0,0,0,0,2,1,2,0,0,0,2.5,13436168.44,98084.03,0.73,2,2,4,0,0,0,0,0,0,0,1,0,265,12,2,1,1,1,1,0,1,6.6,43.95,0,0,0,0,0,0,0,0,0,1,42481,345
36,bugisstreet.com.sg/,,1,1,2,2,2,2,2,2,1,2,0,2,2,1,1,2,2,0,11,40472,24356.05,60.18,2,1,1,1,0,1,0,1,1,0,0,0,2019,15,2,1,2,1,1,10,1,37.6,51.12,1,2,2,2,0,2,2,0,1,2,41631,1195
37,bullionvault.com/,,0,1,2,2,2,2,0,1,0,0,0,0,1,0,1,2,0,0,3.5,3240766.8,49583.73,1.53,1,1,0,0,0,0,0,0,0,0,1,0,2413,24,2,1,1,1,1,14,1,35.5,45.31,2,1,2,2,2,2,0,0,2,1,NaN,
38,"Businessinsider.com
",,0,2,2,2,2,2,1,2,0,0,2,0,2,0,1,2,2,0,8.5,393500000,1574000,0.4,1,1,4,0,0,0,0,0,0,0,0,1,1999,56,1,1,1,2,1,11,1,34.7,46.14,1,2,2,2,2,2,2,0,2,1,42592,234
39,Businesstimes.com.sg,,1,2,2,2,2,2,1,2,0,2,0,2,2,0,0,2,0,0,8,2526000,1223847,48.45,2,2,2,0,0,0,0,0,0,0,0,1,3327,72,2,1,2,1,1,9,1,53.2,45.43,2,2,2,2,2,2,2,0,1,1,41822,1004
40,camouflage-kids.com/,,0,1,2,2,2,2,1,2,1,1,0,0,2,1,1,2,0,0,8.5,11249,9482.91,84.3,2,2,2,0,0,1,0,0,0,0,0,0,1216,65,2,1,2,1,1,12,1,21.7,18.43,1,1,2,2,2,2,0,0,1,1,41950,876
41,canadian-pizza.com/,,0,1,2,2,2,2,1,1,1,0,0,0,1,1,1,2,0,0,6,279931,265682.51,94.91,2,1,0,0,0,0,0,0,0,1,0,0,998,3,1,1,1,1,1,10,1,38.2,41.71,1,2,2,0,0,0,0,0,1,1,NaN,
42,Canva.com,,0,1,2,2,2,2,1,2,1,1,1,2,1,0,1,2,0,2,9.5,97790000,635635,0.65,1,1,0,0,0,0,0,1,0,0,0,0,3669,43,2,1,1,1,1,11,2,41,50.44,2,1,2,2,0,2,0,0,0,2,NaN,
43,"Carousell.com
",,0,2,2,2,2,1,2,1,2,2,0,2,2,1,2,2,0,0,8.5,13090000,8483629,64.81,2,1,5,1,1,1,1,1,1,0,0,0,1929,19,2,1,2,1,2,12,1,42.9,52.8,2,0,0,0,0,0,0,0,1,1,42783,43
44,castlery.com/,,0,1,2,2,1,2,2,1,2,0,0,0,1,0,0,2,0,0,5,268883,234223.98,87.11,2,1,0,1,0,0,0,0,0,0,0,0,1544,73,2,1,1,1,,8,1,42,54.7,1,1,2,2,0,2,0,0,1,1,NaN,
45,Cathaycineplexes.com.sg,,1,1,2,2,2,1,1,1,1,0,0,0,1,0,0,2,0,0,4,1941000,1859283.9,95.79,2,1,0,1,0,0,0,0,0,0,0,0,536,22,1,1,1,1,4,5,1,23.7,41.36,0,2,0,0,0,0,0,0,1,1,NaN,
46,cedelemarket.com.sg/,,1,1,2,2,2,2,1,1,1,0,0,2,1,2,0,2,0,0,7,77939,64502.32,82.76,2,1,0,0,0,0,0,0,0,1,0,0,1198,15,2,1,2,1,1,9,1,32.8,44.73,2,1,2,2,2,2,2,0,2,2,NaN,
47,charleskeith.com,,0,2,2,2,2,2,1,2,1,2,2,2,1,1,0,2,0,2,10.5,2018000,377164.2,18.69,2,1,0,0,0,1,0,0,0,0,0,0,3884,28,2,1,2,2,1,13,1,52.5,73.04,2,2,2,2,2,2,0,0,1,1,NaN,
48,Chaturbate.com,,0,1,2,2,2,2,2,2,1,2,0,2,2,2,1,2,2,0,11.5,571100000,1541970,0.27,1,1,2,0,0,0,0,0,0,0,0,1,2687,18,2,1,1,1,1,11,1,36.8,42.42,2,2,2,2,2,2,2,0,1,1,41702,1124
49,chrono24.sg/,,1,1,2,2,2,2,0,1,0,2,0,2,2,2,1,2,0,0,7.5,135895,100018.72,73.6,1,1,4,0,0,1,0,0,0,0,0,0,4539,16,2,1,1,2,1,12,1,41.4,50.92,2,0,2,2,0,2,2,0,2,1,42735,91
51,citibank.com.sg,,1,2,2,2,2,2,1,2,0,2,2,2,1,1,1,2,0,1,10,3123995.01,2560426.31,81.96,2,2,0,0,0,0,0,0,0,0,1,0,4377,63,2,1,2,1,1,17,1,31,27.51,0,0,2,2,2,2,0,0,1,1,NaN,
52,citymusic.com.sg/,,1,1,2,2,2,2,0,1,0,0,0,0,2,0,1,2,0,2,5.5,149564,113384.47,75.81,1,1,1,1,0,0,0,0,0,0,0,0,756,12,1,1,1,1,1,7,1,38.5,42.53,1,1,2,2,0,2,2,0,0,1,40190,2636
53,Clickadu.com,,0,1,2,2,2,2,0,1,1,0,0,0,1,1,0,2,0,0,4.5,257500000,1184500,0.46,1,1,0,0,0,0,0,1,0,0,0,0,154,14,2,1,1,1,1,1,1,17.2,27.68,2,0,2,0,0,0,0,0,0,1,NaN,
54,cluster-cluster.com/,,0,2,2,2,2,2,1,2,0,2,0,2,1,1,2,2,2,0,9.5,6642,5274.41,79.41,2,1,0,1,0,0,0,0,0,0,0,0,1167,42,2,1,1,2,1,10,1,43.3,54.84,1,1,2,2,0,2,0,0,1,1,NaN,
55,coldstorage.com.sg/,,1,2,2,2,2,2,1,1,0,2,2,0,1,0,0,2,2,0,7,401842,337828.57,84.07,2,2,0,0,0,0,0,0,1,0,0,0,1094,26,2,1,1,1,1,8,1,34.5,56,2,2,2,2,0,2,0,0,0,1,NaN,
57,comgateway.com,,0,1,2,2,2,2,0,0,2,2,0,0,2,2,1,2,0,0,7.5,599818,269318.28,44.9,2,1,2,0,0,0,0,0,0,0,0,1,1694,21,2,1,1,1,1,8,1,20.8,34.22,1,1,2,2,2,2,2,0,1,1,41863,963
58,cottonon.com,,0,2,2,2,2,2,0,2,2,2,2,0,1,1,0,2,0,0,7.5,9090000,459954,5.06,2,1,0,0,0,1,0,0,0,0,0,0,1549,34,2,1,1,2,1,12,1,37.7,57.23,1,2,2,2,1,2,2,0,1,1,NaN,
59,courts.com.sg,,1,1,2,2,2,2,0,1,2,0,0,0,1,1,0,2,2,0,5.5,1014000,885222,87.3,2,2,0,1,0,0,0,1,0,0,0,0,1557,94,2,1,1,1,1,12,1,41.2,72.98,1,2,2,2,2,2,2,0,1,2,NaN,
60,craigslist.com.sg,http://singapore.craigslist.com.sg/,1,2,2,2,2,2,2,2,0,0,2,2,1,2,2,2,0,0,9,632195,471996.79,74.66,1,1,0,0,0,0,0,0,0,0,0,1,452,4,2,1,1,1,1,5,1,53.3,72.75,2,0,2,2,2,2,0,0,1,1,NaN,
61,creative.com,,0,2,2,2,2,2,1,1,1,2,0,2,2,2,1,2,2,0,10.5,8960000,180992,2.02,2,2,4,0,0,0,0,1,0,0,0,0,4665,18,2,1,2,1,1,26,1,30.7,40.33,1,1,2,2,2,2,2,0,2,1,42724,102
62,credit-suisse.com,https://www.credit-suisse.com/sg/en.html,0,2,2,2,2,2,1,1,0,2,0,2,2,2,1,2,0,0,8.5,4702826.79,69131.55,1.47,2,2,4,0,0,0,0,0,0,0,1,0,3380,11,2,1,2,1,1,15,1,34.2,36.12,0,0,2,2,2,2,2,0,1,1,42556,270
63,davisguitar.com/,,0,1,2,2,2,2,1,1,0,0,0,0,1,2,2,2,0,0,6,28710,20952.56,72.98,2,1,0,1,0,0,0,0,0,0,0,0,749,7,1,1,1,1,2,8,1,35,34.39,2,2,2,2,2,2,0,0,0,1,NaN,
64,db.com/singapore/,,0,2,2,2,2,1,1,1,0,2,0,2,2,1,0,2,2,0,7.5,5978498.4,46632.29,0.78,2,2,2,0,0,0,0,0,0,0,1,0,2313,4,2,1,2,2,1,12,1,23.5,19.5,0,0,0,0,0,0,0,0,1,1,41974,852
65,dbs.com.sg,,1,2,2,2,2,2,1,1,2,2,2,2,2,0,0,2,0,0,9,17999392.67,16147255.17,89.71,2,2,3,0,0,0,0,0,0,0,1,0,1738,16,2,1,2,1,1,11,1,45.3,47.63,0,0,2,2,2,2,2,0,1,1,42094,732
67,designmuseumshop.sg/,https://www.designmuseumshop.sg/,1,1,1,1,1,,,,,,,,,,,,,,,9417,6060.78,64.36,2,1,,1,0,1,0,1,1,0,0,0,,25,2,,,,,,,,,,,,,,,,,,,NaN,
68,"Deviantart.com
",,0,1,2,2,2,2,2,2,0,0,0,2,2,0,0,2,2,2,9,551700000,1820610,0.33,1,1,3,1,0,0,0,0,0,0,0,0,2408,64,2,1,1,1,1,10,1,39.1,46.71,2,1,2,2,2,2,0,0,1,2,42333,493
69,dhgate.com,,0,1,2,2,2,2,2,1,2,0,0,2,1,0,2,2,0,1,8,70280000,302204,0.43,1,1,0,1,0,1,1,1,1,0,0,1,1979,156,2,1,1,1,1,8,1,40.2,48.76,2,1,2,2,2,2,2,0,1,1,NaN,
70,dominos.com.sg,,1,2,2,2,2,2,1,1,0,2,2,0,1,1,1,2,0,0,7,966047,933974.24,96.68,2,2,0,0,0,0,0,0,0,1,0,0,1427,81,2,1,2,1,3,9,1,36.5,47.54,2,1,2,2,0,2,0,0,1,1,NaN,
72,dressabelle.com.sg/,,1,1,2,2,2,2,1,1,2,0,0,0,2,1,2,2,0,0,7.5,578267,487710.39,84.34,2,1,5,0,0,1,0,0,0,0,0,0,1103,43,2,1,1,1,1,9,1,38.5,42.79,1,1,2,2,2,2,0,0,1,1,42774,52
73,"Dropbox.com
",,0,1,2,2,2,2,1,2,2,0,2,2,2,0,2,2,0,0,10,979700000,5780230,0.59,1,1,4,0,0,0,0,1,0,0,0,0,1391,43,2,1,1,2,1,6,1,51.9,50.01,2,1,2,2,2,2,2,0,1,1,42712,114
74,dx.com,,0,1,1,2,2,2,1,2,1,2,2,2,1,2,0,2,2,0,10,38190000,106932,0.28,1,2,0,1,0,1,1,1,1,0,0,1,2509,42,2,1,1,1,1,11,1,39.4,46.74,2,2,2,2,0,2,0,0,2,1,NaN,
79,Ebay.com.sg,,1,1,2,2,2,2,2,2,1,1,2,2,2,1,2,2,2,1,13,4496000,2167072,48.2,2,2,3,1,0,1,1,1,1,1,0,0,6406,25,2,1,1,1,1,15,2,33.1,32.09,2,1,2,2,2,2,2,0,1,2,42125,701
80,ellysage.com/,,0,1,1,1,1,,,,,,,,,,,,,,,117530,111230.39,94.64,2,1,,0,0,1,0,0,0,0,0,0,,21,1,,,,,,,,,,,,,,,,,,,NaN,
81,emiratesnbd.com/en/,http://www.emiratesnbd.sg/en-sg/index.cfm,1,2,1,2,2,1,0,1,0,2,0,0,1,0,0,2,0,0,2,5024197.84,2009.68,0.04,2,2,0,0,0,0,0,0,0,0,1,0,131,35,1,1,2,1,1,1,1,31.7,45.32,0,0,0,0,0,0,0,0,0,1,NaN,
82,enets.sg,https://www.nets.com.sg/,1,2,2,2,2,2,1,2,0,2,0,2,1,0,2,2,0,0,8,2052000,1721422.8,83.89,2,1,0,0,0,0,0,1,0,0,0,0,3316,6,2,1,2,1,1,19,1,32.3,46.78,2,0,2,2,2,2,0,0,1,1,NaN,
83,esouq.co/,,0,2,2,2,2,2,1,2,0,2,1,2,1,1,2,2,2,2,11,7226,6197.02,85.76,2,1,0,1,0,0,0,0,0,0,0,0,1217,36,2,1,1,2,1,10,1,0.8,55.56,1,1,2,2,0,2,0,0,1,1,NaN,
84,ethnicraft-online.com.sg/,,1,1,1,1,1,,,,,,,,,,,,,,,26608,22462.47,84.42,2,1,,1,0,0,0,0,0,0,0,0,,18,2,,,,,,,,,,,,,,,,,,,NaN,
85,"Etsy.com
",,0,1,2,2,2,2,2,2,0,2,2,2,2,0,2,2,0,2,11,608200000,1338040,0.22,1,2,5,1,0,1,0,0,1,0,0,0,5110,29,2,1,1,1,1,17,1,40.2,50.81,2,1,2,2,2,2,2,0,1,2,42780,46
86,eventbrite.sg/,,1,2,1,2,2,2,2,2,2,2,2,2,1,1,0,2,2,2,10.5,767719,558745.89,72.78,1,1,0,1,0,0,0,0,0,0,0,0,5661,98,2,1,1,2,1,21,1,35.4,50.45,2,2,2,2,2,2,2,0,1,1,NaN,
87,"Evernote.com
",,0,1,2,2,2,2,2,2,2,2,2,2,2,2,2,2,2,2,14,213100000,1065500,0.5,1,1,4,0,0,0,0,1,0,0,0,0,5828,25,2,1,1,2,1,11,1,62.1,47.41,2,1,2,2,2,2,2,0,2,1,42647,179
88,Expedia.com.sg,,1,2,2,2,2,2,2,2,0,2,2,2,2,2,2,2,2,1,13,4971000,4174645.8,83.98,2,2,5,0,1,0,0,0,0,0,0,0,5196,177,2,1,1,1,1,13,1,35.2,40.85,2,2,2,2,2,2,0,0,1,2,42794,32
89,extravirginpizza.com,,0,1,2,2,2,2,0,1,2,2,1,0,1,0,1,2,2,0,7,9096,8560.25,94.11,2,1,0,0,0,0,0,0,0,1,0,0,947,4,1,1,1,1,1,6,1,49.1,60.95,1,0,2,2,2,0,0,0,0,1,nan,
90,Ezbuy.sg,,1,1,2,2,2,2,1,1,2,0,0,0,1,1,1,1,0,0,6,8334000,7969804.2,95.63,2,1,0,1,0,1,1,1,1,1,0,0,629,28,2,1,1,1,1,7,1,48.5,53.5,2,1,2,2,0,0,0,0,0,1,nan,
91,fairebelle.com/,,0,2,2,2,2,2,2,1,0,1,0,0,1,0,0,2,2,0,5.5,148794,132887.92,89.31,2,1,0,0,0,1,0,0,0,0,0,0,958,32,2,1,1,1,1,6,1,43.9,40.96,1,2,2,2,0,0,0,0,0,1,nan,
92,"Fairprice.com.sg
",,0,2,2,2,2,2,1,1,0,2,0,2,2,0,0,2,2,0,8,1401000,1201917.9,85.79,2,1,2,1,0,0,1,0,0,1,0,0,852,26,2,1,2,1,1,7,1,33.8,48.98,2,1,2,2,2,2,0,0,0,1,41852,974
93,farfetch.com/sg/,,0,2,2,2,2,2,2,2,2,2,0,2,2,0,2,2,2,1,12,3505000,23834,0.68,1,1,4,0,0,1,0,0,0,0,0,0,3593,118,2,1,2,1,1,10,1,34.1,52.24,1,1,2,2,2,2,0,0,1,1,42705,121
94,fishpond.com.sg/,,1,1,2,2,2,2,1,1,2,2,1,0,1,1,0,2,2,0,8,278185,198206.81,71.25,1,1,0,0,0,0,0,0,1,0,0,0,863,13,2,1,1,2,1,7,1,30.8,63.67,1,1,2,2,0,0,0,0,0,1,nan,
95,"Fiverr.com
",,0,1,2,2,2,2,1,2,2,2,1,0,2,1,1,2,0,0,9.5,83590000,635284,0.76,1,1,2,0,0,0,0,1,0,0,0,0,2446,31,2,1,1,1,1,14,1,33.5,38.12,2,1,2,2,2,2,0,0,0,1,41640,1186
96,flightcentre.com.sg/,,1,1,2,2,2,2,1,1,0,2,0,2,1,1,1,2,0,0,7,64864,50081.49,77.21,2,2,0,0,1,0,0,0,0,0,0,0,788,49,1,1,1,1,1,0,1,29.9,37.45,2,0,2,0,2,2,0,0,0,1,nan,
97,flipkart.com,,0,2,2,2,2,2,1,1,0,0,0,0,1,1,0,2,0,2,5.5,327300000,523680,0.16,1,1,0,0,0,1,1,1,0,0,0,0,1721,76,2,1,1,1,1,9,1,38.2,48.35,1,1,2,2,2,2,0,0,0,1,nan,
98,Flyscoot.com,,0,2,2,2,2,2,1,1,0,1,2,2,2,1,0,2,2,2,10,5170000,1634754,31.62,2,2,4,0,1,0,0,0,0,0,0,0,2350,201,2,1,1,1,1,15,1,34.4,44.54,2,2,2,2,2,2,0,2,2,1,42383,443
99,Foodpanda.sg,,1,1,2,2,2,2,2,1,0,2,1,0,1,1,0,2,2,0,7,1622000,1501161,92.55,2,1,0,0,0,0,0,0,0,1,0,0,1367,63,2,1,1,1,1,9,1,34,36.48,2,1,2,2,0,0,0,0,1,1,nan,
100,"Forbes.com
",,0,1,2,2,2,2,2,2,0,1,1,0,2,1,1,2,2,0,9,391100000,2815920,0.72,2,1,4,0,0,0,0,0,0,0,0,1,3091,134,2,1,1,2,1,19,1,34.5,42.15,2,1,2,2,2,2,2,0,1,1,42654,172
101,forever21.com,,0,1,2,2,2,2,2,2,2,2,0,0,1,1,2,2,2,2,10.5,104300000,239890,0.23,2,2,0,0,0,1,0,0,0,0,0,0,2883,48,2,1,1,1,1,16,1,32.7,54.72,2,1,2,2,2,2,0,0,1,1,nan,
102,Fortytwo.sg,,1,1,2,2,2,2,1,1,0,2,0,0,1,0,0,0,0,0,4,726350,652480.21,89.83,2,1,0,1,0,0,0,0,0,0,0,0,622,45,2,1,1,1,1,8,1,30.3,42.53,1,1,2,2,2,2,0,0,0,1,nan,
103,fundsupermart.com/,,0,1,2,2,2,2,2,1,0,1,1,0,1,0,0,1,0,0,5,446490,330447.25,74.01,1,2,0,0,0,0,0,0,0,0,1,0,913,10,2,1,1,1,1,8,1,45.6,49.75,2,1,2,2,2,2,2,0,0,1,nan,
104,Gamepedia.com,,0,1,2,2,2,2,2,2,0,2,0,0,2,1,1,2,2,2,10,269000000,1990600,0.74,1,1,5,1,0,0,0,0,0,0,0,0,2653,12,2,1,1,1,1,13,1,36.6,47.54,2,1,2,2,2,2,0,0,2,2,42779,47
105,gametrader.sg,,1,1,2,2,2,2,0,1,0,0,0,0,1,0,0,2,0,0,3,93658,84516.98,90.24,2,1,0,1,0,0,0,0,0,0,0,0,845,45,2,1,1,1,1,11,1,45,44.06,2,0,2,2,0,0,0,0,0,1,nan,
106,"Garena.com
",,0,2,2,2,2,2,1,2,0,2,1,2,2,1,1,2,2,2,11.5,32420000,1416754,4.37,2,2,3,1,0,1,1,1,1,0,0,0,5331,3,2,1,1,1,1,19,1,36.6,55.77,2,2,2,2,0,2,0,0,2,1,42178,648
107,gearbest.com,,0,2,2,2,2,2,1,1,1,1,0,0,1,0,2,2,2,0,7.5,322400000,483600,0.15,1,1,0,1,0,1,0,1,1,0,0,0,824,65,2,1,1,1,1,9,1,42.6,42.25,2,1,2,2,2,2,0,0,0,1,nan,
108,giftslessordinary.com/,,0,1,2,2,2,2,1,2,2,2,0,2,1,1,1,2,0,0,9,44420,27451.56,61.8,2,1,0,0,0,1,0,0,1,0,0,0,753,26,2,1,1,1,1,8,1,44.8,46.2,1,1,2,2,1,2,0,0,0,1,nan,
109,"Github.com
",,0,1,2,2,2,2,2,2,2,2,2,2,2,2,2,2,2,2,14,1074000000,4618200,0.43,1,1,5,0,0,0,0,1,0,0,0,0,3383,10,2,1,1,2,1,14,2,42.7,45.03,2,2,2,2,0,2,0,0,2,1,42761,65
110,"Godaddy.com
",,0,1,2,2,2,2,1,1,0,2,1,2,2,0,2,2,2,0,9.5,261000000,600300,0.23,1,1,5,0,0,0,0,1,0,0,0,0,3566,122,2,1,1,2,2,20,1,34.1,39.42,2,1,2,2,2,2,2,0,2,1,42775,51
111,gog.com,,0,1,2,2,2,2,2,2,0,2,0,2,2,0,0,2,2,0,9,67680000,216576,0.32,1,1,4,1,0,0,0,0,0,0,0,0,3050,34,2,2,1,1,1,13,2,45.8,78.63,2,2,2,2,2,2,0,0,1,1,42612,214
112,gohd.com.sg,,1,1,1,1,1,,,,,,,,,,,,,,,19117,7784.44,40.72,2,1,,1,0,0,0,0,1,0,0,0,,8,1,,,,,,,,,,,,,,,,,,,nan,
116,greenmangaming.com,,0,1,2,2,2,2,1,1,1,1,0,0,1,0,1,2,2,0,7,18570000,94707,0.51,1,1,0,1,0,0,0,0,0,0,0,0,2099,111,2,1,1,2,3,23,1,44.7,52.51,1,1,2,2,0,2,2,0,1,1,nan,
117,Groupon.sg,,1,1,2,2,2,2,2,1,1,1,2,2,2,1,1,2,2,2,11.5,2458000,2173117.8,88.41,2,2,2,1,1,1,1,1,1,1,0,0,2257,58,2,1,2,1,1,5,1,41.9,57.88,2,1,2,2,0,2,0,0,1,2,41716,1110
118,groxers.com/,,0,1,2,2,2,2,1,1,1,0,0,0,2,2,0,1,2,2,9,16277,12839.3,78.88,2,1,4,0,0,0,0,0,0,1,0,0,1172,19,2,1,2,1,1,7,1,32.3,44.81,1,1,2,2,2,2,0,0,2,2,42659,167
120,"Gv.com.sg
",,0,2,2,2,2,2,2,1,1,0,0,0,1,1,2,2,2,0,7.5,3770000,3619954,96.02,2,1,0,1,0,0,0,0,0,0,0,0,1820,118,2,1,2,1,1,8,1,37,42.32,2,1,2,2,2,2,0,0,1,1,nan,
121,halalmarket.sg/,,1,1,1,1,1,,,,,,,,,,,,,,,43838,25333.98,57.79,2,1,,0,0,0,0,0,0,1,0,0,,6,2,,,,,,,,,,,,,,,,,,,nan,
122,harveynichols.com/int/,,0,1,2,2,2,2,1,1,0,0,0,0,1,0,2,2,2,0,6,3123000,8432.1,0.27,1,1,0,0,0,1,0,0,0,0,0,0,1120,93,2,1,1,1,2,10,1,49.9,55.58,1,1,2,2,1,2,0,0,0,1,nan,
123,harveynorman.com.sg,,1,2,2,2,2,2,1,1,0,1,1,2,1,0,2,2,2,0,8,802123,664318.27,82.82,2,1,0,1,0,0,0,1,0,0,0,0,2325,22,2,1,2,1,1,14,1,24.4,60.08,1,2,2,2,0,2,2,0,1,1,nan,
124,hervelvetvase.com/,,0,1,1,1,1,,,,,,,,,,,,,,,44017,36129.15,82.08,2,1,,0,0,1,0,0,0,0,0,0,,22,1,,,,,,,,,,,,,,,,,,,nan,
125,hipvan.com,,0,1,2,2,2,2,1,1,2,0,0,0,1,0,1,1,2,0,6.5,429411,283840.67,66.1,2,1,0,1,0,0,0,0,0,0,0,0,688,40,2,1,1,1,1,9,1,36,36.83,1,1,2,2,0,2,0,0,1,1,nan,
127,hlb.com.my/main/info-centre/fees-and-charges,,0,1,2,2,2,2,2,1,0,2,0,0,2,1,1,2,0,0,7,2969000,71552.9,2.41,2,2,1,0,0,0,0,0,0,0,1,0,1519,34,2,1,1,1,1,7,1,49,53.66,0,0,2,2,2,2,0,2,0,1,41275,1551
129,home.saxo/en-sg,,0,1,2,2,2,2,0,1,0,2,1,2,1,2,2,1,2,0,8.5,259252,239808.1,92.5,2,1,0,0,0,0,0,0,0,0,1,0,1989,45,2,1,1,1,1,14,1,36.2,39.73,1,0,2,2,2,2,0,2,0,1,nan,
130,homeaway.com.sg/,Cannot Contact,1,1,2,2,2,2,0,2,0,2,1,2,2,1,1,2,2,2,10.5,268711,201130.18,74.85,2,1,3,0,1,0,0,0,0,0,0,0,3990,136,2,1,1,1,1,19,1,48.2,55.63,2,1,2,2,2,2,0,0,1,1,42125,701
131,honestbee.sg,,1,2,2,2,2,2,2,2,0,2,0,0,1,0,2,2,0,0,7,466568,392616.97,84.15,2,1,0,0,0,0,0,0,0,1,0,0,2053,102,2,1,2,1,1,12,1,29.1,56.54,2,2,2,2,2,2,0,0,0,1,N,
132,horme.com.sg,,1,1,1,2,2,1,0,1,2,0,0,0,1,0,0,0,0,0,1,324722,270201.18,83.21,2,1,0,1,0,0,0,0,0,0,0,0,1650,75,2,1,1,1,1,14,1,34.7,52.06,2,1,0,0,0,0,0,0,0,1,N,
133,"Hotels.com
",,0,1,2,2,2,2,2,2,0,2,0,2,2,1,2,2,2,0,10.5,138400000,1107200,0.8,1,1,3,0,1,0,0,0,0,0,0,0,3868,145,2,1,1,1,1,13,1,39.3,43.14,2,2,2,2,2,2,2,0,1,2,42104,722
134,"Hp.com
",,0,1,2,2,2,2,2,2,0,2,1,2,2,2,2,2,2,2,12.5,245000000,857500,0.35,2,2,5,0,0,0,0,1,0,0,0,0,6817,58,2,1,1,2,1,10,1,35.9,44.17,1,1,2,2,2,2,2,2,1,1,42736,90
135,Hsbc.com.sg,,1,2,2,2,2,2,1,2,0,2,0,0,1,1,2,2,2,0,8.5,1145000,907756,79.28,2,2,0,0,0,0,0,0,0,0,1,0,5784,38,2,1,2,1,1,10,1,33.9,44.6,0,0,2,2,2,2,0,0,0,1,nan,
136,humblebundle.com,,0,1,2,2,2,2,2,2,0,2,0,2,2,1,1,2,2,2,11,156300000,734610,0.47,1,1,4,1,0,0,0,0,1,0,0,0,3570,16,2,1,1,2,1,17,1,40.1,42.46,2,1,2,2,2,2,0,0,2,1,42653,173
138,Iclub88.com,,0,1,1,1,1,,,,,,,,,,,,,,,3039000,2847239.1,93.69,1,1,,0,0,0,0,0,0,0,0,1,,16,1,,,,,,,,,,,,,,,,,,,nan,
139,"Iherb.com
",,0,1,2,2,2,1,0,1,2,0,0,0,1,1,2,2,2,0,5.5,51550000,1015535,1.97,1,1,0,0,0,0,0,0,0,1,0,0,717,13,2,1,1,1,1,4,1,38.4,46.23,2,1,0,0,0,0,0,0,2,1,N,
144,ishopchangi.com,,0,1,2,2,2,2,1,1,0,2,0,0,2,2,2,2,2,0,9,767331,428631.1,55.86,2,1,5,1,1,0,1,1,1,1,0,0,1370,5,2,1,1,1,1,10,1,43,52.24,1,1,2,2,0,2,0,0,1,1,42783,43
145,Javhd.com,,0,1,2,2,2,2,1,1,1,0,0,0,1,0,2,2,0,0,6,30690000,1003563,3.27,1,1,0,0,0,0,0,0,0,0,0,1,746,30,2,1,1,1,1,12,1,40.8,43.71,2,2,2,0,2,2,0,0,0,1,N,
146,"Jetstar.com
",,0,2,2,2,2,2,1,1,0,2,0,2,1,0,1,2,2,0,7.5,30080000,2126656,7.07,2,1,0,0,1,0,0,0,0,0,0,0,1538,123,2,1,1,2,1,9,1,31.9,38.26,2,2,2,0,2,0,0,0,1,1,N,
149,https://www.kfc.com.sg/,,1,1,2,2,2,2,1,1,0,2,1,0,2,0,1,2,0,0,7,792222,723694.8,91.35,2,2,2,0,0,0,0,0,0,1,0,0,1743,22,2,1,1,1,1,11,1,40.8,47.88,2,2,2,2,2,2,2,0,0,1,41642,1184
150,Kickstarter.com,,0,1,2,2,2,2,1,1,2,2,1,2,2,0,0,2,0,0,8.5,166300000,2261680,1.36,1,1,5,1,0,1,1,1,1,0,1,0,1415,19,2,1,1,1,1,6,1,51.3,56.79,2,2,2,2,2,2,2,0,0,1,42809,17
151,kinokuniya.com,https://kinokuniya.com.sg/,1,1,2,2,2,2,1,1,0,0,1,2,1,0,1,2,2,0,7,1984000,294425.6,14.84,2,1,0,1,0,0,0,0,1,0,0,0,1226,9,2,1,1,2,1,0,1,43.3,52.3,1,1,2,2,2,2,0,0,0,1,nan,
152,klarra.com/,,0,1,2,2,2,1,0,1,0,0,0,0,1,0,0,0,0,0,1,28929,26629.14,92.05,2,1,0,0,0,1,0,0,0,0,0,0,418,6,1,1,1,1,1,7,1,46.6,55.04,2,1,0,0,0,0,0,0,0,1,Nan,
153,klook.com/,,0,1,2,2,2,2,1,2,2,2,0,0,2,1,1,2,2,0,10,3372000,273806.4,8.12,2,1,2,0,1,0,0,0,0,0,0,0,1410,72,2,1,1,2,1,7,1,31.3,35.99,2,2,2,2,2,2,0,0,2,2,41852,974
154,kohepets.com.sg/,,1,1,2,2,2,2,1,2,1,1,0,0,1,1,1,0,0,0,6.5,83838,66055.96,78.79,2,1,0,1,0,0,0,0,0,1,0,0,761,33,2,1,1,1,1,6,1,52.7,52.11,1,1,2,2,0,2,2,0,0,1,nan,
155,kotak.com/,,0,1,2,2,2,1,0,1,0,0,0,0,1,0,1,2,2,0,3.5,17700000,33630,0.19,2,2,0,0,0,0,0,0,0,0,1,0,617,28,2,1,1,1,1,3,1,26.8,37.4,2,0,0,0,0,0,0,0,1,1,nan,
156,kpoptown.com/,,0,1,1,1,1,,,,,,,,,,,,,,,4005000,130963.5,3.27,1,1,,1,0,1,1,0,1,1,0,0,,15,1,,,,,,,,,,,,,,,,,,,nan,
157,kuriyajapanesemarket.com.sg/,,1,2,2,2,2,1,1,1,0,2,0,0,1,0,1,2,2,0,5.5,7415,6565.98,88.55,2,1,0,0,0,0,0,0,0,1,0,0,1011,11,1,1,2,1,1,9,1,44.7,59.63,1,1,0,0,0,0,0,0,1,1,nan,
158,"Lazada.com.my
",,0,1,2,2,2,2,1,1,2,2,0,0,1,1,2,2,2,0,8.5,73370000,807070,1.1,2,2,0,1,0,1,1,1,1,1,0,0,1393,146,2,1,1,1,1,7,1,40.1,41.12,2,1,2,2,2,2,0,0,2,1,nan,
159,lazada.com.ph,,0,1,2,2,2,2,0,1,2,2,1,2,2,1,2,2,2,0,10,137900000,234430,0.17,2,2,2,1,0,1,1,1,1,1,0,0,2278,76,2,1,1,1,1,12,1,40.5,49.26,2,1,2,2,2,2,0,0,1,1,41968,858
160,Lazada.sg,,1,2,2,2,2,2,0,1,2,2,1,2,1,1,2,2,2,0,9,13040000,10708448,82.12,2,2,0,1,0,1,1,1,1,1,0,0,2295,150,2,1,2,1,1,9,1,37.2,48.3,2,1,2,2,2,2,0,0,1,1,nan,
162,lelong.com.my,,0,1,2,2,2,2,1,1,0,2,0,0,1,0,0,2,2,0,6,17210000,268476,1.56,1,1,0,1,0,1,1,1,1,0,0,1,1807,47,2,1,2,1,1,12,1,35.9,35.99,2,2,2,2,2,2,0,0,2,1,nan,
163,lenovo.com,,0,1,2,2,2,2,1,2,2,1,1,2,2,0,2,2,2,2,12,162200000,762340,0.47,2,2,4,0,0,0,0,1,0,0,0,0,2887,84,2,1,1,1,1,28,1,38,38.26,2,2,2,2,2,2,0,0,2,1,42648,178
165,littlegreendot.com/marketplace/fashion/#,,0,1,1,1,1,,,,,,,,,,,,,,,178420,56951.66,31.92,1,1,,1,0,1,1,0,1,1,0,0,,16,2,,,,,,,,,,,,,,,,,,,nan,
166,Livejasmin.com,,0,1,2,2,2,2,0,1,2,1,0,0,1,0,2,0,0,0,4.5,1527000000,2290500,0.15,2,1,0,0,0,0,0,0,0,0,0,1,810,20,2,1,1,1,1,17,1,7.9,38.34,2,1,0,0,0,2,0,2,0,1,nan,
167,locanto.sg,,1,1,2,2,2,2,0,1,0,1,0,2,1,0,2,2,0,0,5.5,986228,819358.22,83.08,1,1,0,0,0,0,0,0,0,0,0,1,2013,7,2,1,1,1,1,12,1,39.7,52.92,1,0,2,2,2,2,0,0,0,1,nan,
168,loft.com/,,0,2,2,2,2,2,1,2,0,2,1,2,2,0,2,2,2,2,11.5,13500000,5400,0.04,1,1,2,0,0,1,0,0,0,0,0,0,10191,88,2,1,1,2,1,34,1,41.3,48.18,0,1,2,2,2,2,2,0,0,1,41795,1031
169,lovebonito.com/,,0,2,2,2,2,2,1,1,1,2,1,2,1,0,2,2,0,0,8.5,1043000,858284.7,82.29,2,1,0,0,0,1,0,0,0,0,0,0,1206,77,2,1,2,1,1,9,1,37.9,52.95,1,2,2,0,2,2,2,2,0,1,nan,
170,lovelula.com/,,0,1,2,2,2,2,0,1,2,0,0,1,1,1,2,0,0,0,5.5,339235,5088.53,1.5,1,1,0,0,0,0,1,0,0,0,0,0,408,15,2,1,1,1,1,9,1,54.1,60.61,1,1,2,0,0,0,0,0,0,1,nan,
171,lyst.com/,,0,2,2,2,2,2,2,2,2,2,1,2,2,1,2,0,2,2,12,16200000,123120,0.76,1,1,4,0,0,1,0,0,0,0,0,0,4348,50,2,1,1,2,1,12,1,44.8,54.27,2,2,2,2,2,2,0,0,2,2,42395,431
172,M1.com.sg,,1,1,2,2,2,2,1,1,1,2,1,0,1,1,1,2,2,0,8.5,3327000,2938073.7,88.31,2,2,0,0,0,0,0,1,0,0,0,0,3362,38,2,1,2,1,1,2,1,39.8,54.57,2,2,2,0,2,0,2,2,0,1,nan,
173,macquarie.com/sg/corporate,,0,2,2,2,2,2,1,2,2,2,0,0,1,1,0,2,0,2,8.5,1270000,20701,1.63,2,2,0,0,0,0,0,0,0,0,1,0,2303,32,2,1,2,2,1,8,1,29,28.38,2,2,2,2,2,0,2,0,0,1,nan,
174,"Mailchimp.com
",,0,2,2,2,2,2,1,1,1,2,1,2,2,0,2,2,2,0,10.5,117900000,683820,0.58,2,1,5,0,0,0,0,0,0,0,0,1,5155,8,2,1,1,2,1,21,1,40.9,49.81,2,2,2,2,2,2,2,0,2,1,42769,57
175,marketplace.xbox.com/en-SG/,Unable to contact,0,1,2,2,2,2,2,1,0,2,1,1,2,2,2,2,2,2,11.5,13270000,19905,0.15,2,2,5,1,0,0,0,0,0,0,0,0,22891,24,2,1,1,1,1,23,1,43.3,47.62,2,2,2,2,2,2,2,0,2,2,42767,59
176,martkplace.com.sg/,,1,1,1,1,1,,,,,,,,,,,,,,,11986,7229.96,60.32,2,1,,0,0,0,0,0,0,1,0,0,,29,2,,,,,,,,,,,,,,,,,,,nan,
177,massdrop.com,,0,1,2,2,2,2,2,2,1,2,0,2,1,1,1,1,0,1,10,30480000,618744,2.03,1,1,0,1,0,1,0,1,0,0,0,0,2602,17,2,1,1,1,1,11,1,33.5,37.47,1,1,2,2,2,2,2,0,1,2,Nan,
178,Maybank.com.sg,,1,2,2,2,2,2,2,2,0,2,1,2,2,2,1,2,0,0,10,771917,691251.67,89.55,2,2,2,0,0,0,0,0,0,0,1,0,3901,26,2,1,2,1,2,10,1,32.3,36.69,0,0,2,2,2,0,2,0,1,1,41821,1005
179,Maybank2u.com.my,,0,1,2,2,2,2,2,1,0,2,1,2,2,1,1,2,0,0,8.5,72050000,1051930,1.46,2,2,3,0,0,0,0,0,0,0,1,0,2204,23,2,1,1,1,2,11,1,37.7,43.22,0,0,2,2,2,0,2,2,1,1,42005,821
181,Mcdelivery.com.sg,,1,2,2,2,2,2,1,2,0,2,0,2,2,0,0,2,0,0,8,2151000,2069477.1,96.21,2,2,2,0,0,0,0,0,0,1,0,0,2604,25,2,1,1,1,1,9,1,40.3,49.92,2,1,2,2,0,2,2,0,1,1,41920,906
182,mdscollections.com/,,0,1,1,1,1,,,,,,,,,,,,,,,382337,314089.85,82.15,2,1,,0,0,1,0,0,0,0,0,0,,13,1,,,,,,,,,,,,,,,,,,,nan,
183,"Mediafire.com
",,0,1,2,2,2,2,0,2,2,0,1,2,2,1,1,2,2,2,10.5,687000000,2610600,0.38,1,1,3,0,0,0,0,1,0,0,0,0,1388,10,2,1,1,1,1,1,1,29.4,38.91,2,1,2,2,2,2,2,0,1,2,"October 21, 2015",528
184,megafash.com,,0,1,2,2,2,2,1,1,2,0,0,2,2,1,2,2,0,0,10.5,91647,60780.29,66.32,2,1,3,1,0,1,0,0,1,0,0,0,996,37,2,1,1,1,1,5,1,36,37.57,1,1,2,2,2,0,0,0,0,1,42271,555
186,merrymaker.com/,,0,1,2,1,1,,,,,,,,,,,,,,,21440,18348.35,85.58,2,1,,0,0,0,0,0,1,0,0,0,,16,2,,,,,,,,,,,,,,,,,,,42345,481
187,microsoftstore.com,,0,2,2,2,2,2,2,2,0,2,1,2,2,2,1,2,2,0,11,139700000,237490,0.17,2,2,5,0,0,0,0,1,0,0,0,0,22844,42,2,2,1,2,1,7,1,43.3,47.41,2,2,2,2,2,2,2,2,1,1,42767,59
188,ministryofretail.com/,,0,1,1,1,1,,,,,,,,,,,,,,,56325,49064.71,87.11,2,1,,0,0,1,0,0,0,0,0,0,,10,2,,,,,,,,,,,,,,,,,,,nan,
189,mmmm.com.sg/,,1,1,2,2,2,2,0,1,2,0,0,0,1,1,0,1,0,0,4.5,29962,25509.65,85.14,2,1,0,0,0,0,0,0,1,0,0,0,153,13,1,1,1,1,1,1,1,40.2,41.94,2,1,2,0,0,0,0,0,0,1,nan,
190,mobilesquare.com.sg,,1,1,2,2,2,2,1,1,1,0,0,2,1,1,1,2,2,2,9,241941,207343.44,85.7,2,1,0,0,0,0,0,1,0,0,0,0,965,17,1,1,2,1,1,5,1,38.7,42.7,1,0,2,2,2,0,0,0,2,2,nan,
191,mobyshop.com.sg/,,1,1,2,2,2,2,1,1,0,0,0,2,1,1,0,2,2,2,7.5,200862,148095.55,73.73,2,1,0,0,0,0,0,1,0,0,0,0,2190,10,1,1,2,1,1,13,1,40.5,50.24,1,1,2,2,2,2,0,0,2,2,nan,
192,mudah.my,,0,1,2,2,2,1,1,1,0,2,0,2,1,0,0,2,0,0,5,32810000,426530,1.3,1,1,0,1,0,0,0,1,0,0,0,0,398,45,1,1,1,2,1,4,1,32,37.15,2,0,0,0,0,0,0,0,1,1,nan,
193,muji.com.sg/,,1,1,2,2,2,2,2,1,0,0,0,0,1,1,1,1,0,0,5,337651,241791.88,71.61,2,2,0,1,0,1,0,1,0,0,0,0,684,34,1,1,1,1,1,9,1,37.7,41.27,1,1,2,2,2,2,0,0,0,1,nan,
194,mustafa.com.sg,,1,1,1,1,1,,,,,,,,,,,,,,,737652,604653.34,81.97,2,1,,1,1,0,0,1,0,1,0,0,,5,1,,,,,,,,,,,,,,,,,,,,
195,myonlinegroceries.com/,,0,1,2,2,2,2,2,1,2,0,0,0,1,0,0,0,0,0,4,9966,6226.76,62.48,2,1,0,0,0,0,0,0,0,1,0,0,669,23,1,1,1,1,1,12,1,38.3,38.58,2,2,2,0,0,0,0,0,0,2,nan,
196,na-kd.com/,,0,1,2,2,2,2,1,1,2,0,0,2,2,1,2,2,0,0,8.5,2344000,15939.2,0.68,1,1,3,0,0,1,0,0,0,0,0,0,950,95,2,1,1,1,1,9,1,44.6,49.67,1,1,2,2,2,0,2,0,1,2,42223,603
197,naiise.com/,,0,2,2,2,2,2,1,1,0,2,0,2,1,1,2,2,2,2,9.5,232650,194867.64,83.76,2,1,0,0,0,1,1,0,1,0,0,0,1187,78,2,1,1,1,1,10,1,41.9,53.57,1,1,2,2,2,0,0,0,2,2,nan,
198,natural.sg/,,1,1,2,2,2,2,1,1,0,2,0,2,1,1,0,2,2,2,8.5,19785,16815.27,84.99,2,1,0,0,0,0,0,0,0,1,0,0,774,5,2,1,1,2,1,10,1,37.2,45.61,1,1,2,2,2,0,0,0,2,2,nan,
199,"Netflix.com
",,0,1,2,2,2,2,1,2,0,2,0,2,2,1,0,2,2,0,9.5,4563000000,6388200,0.14,2,2,5,1,0,0,0,0,0,0,0,0,3048,24,2,1,1,1,1,12,1,32.9,38.93,2,2,2,2,2,2,2,0,0,2,42736,90
200,newegg.com,,0,1,2,2,2,2,1,2,1,2,0,2,2,2,2,2,2,0,12,204300000,469890,0.23,1,1,2,0,0,0,0,1,0,0,0,0,1999,144,2,1,1,1,1,15,1,37.9,42.32,1,1,2,2,2,0,0,0,1,2,41640,1186
202,nike.com,,0,1,2,2,2,2,0,1,0,0,0,2,2,1,2,2,2,2,8.5,195100000,702360,0.36,2,2,2,0,0,1,0,0,0,0,0,0,1312,56,2,1,1,1,1,24,1,35.4,48.1,1,1,2,2,2,2,2,0,0,2,41640,1186
203,noelgifts.com/,,0,1,2,2,2,2,0,1,2,0,0,0,1,1,2,0,0,0,4.5,124545,94741.38,76.07,2,2,0,0,0,0,0,0,1,0,0,0,785,27,1,1,1,1,1,4,1,44.2,46.96,1,1,2,2,2,2,2,0,0,1,nan,
204,"Nytimes.com
",,0,1,2,2,2,2,2,2,1,2,1,2,2,1,1,2,2,2,12.5,1271000000,3940100,0.31,1,2,3,0,0,0,0,0,0,0,0,1,3775,165,2,1,1,2,1,11,1,42.7,51.43,2,2,2,2,2,2,2,2,2,2,"June 10, 2015",661
205,ocbc.com,,0,2,2,2,2,2,1,2,0,2,0,2,2,1,0,2,0,0,8.5,81701594.15,70582007.18,86.39,2,2,2,0,0,0,0,0,0,0,1,0,4485,49,2,1,2,1,2,9,1,33.5,40.07,0,0,2,2,2,2,2,2,2,2,41821,1005
206,"Office.com
",,0,2,2,2,2,2,2,2,0,2,1,2,2,2,1,2,0,0,10,1772000000,15062000,0.85,2,2,5,0,0,0,0,1,0,0,0,0,22763,26,2,1,1,2,1,7,1,43.1,46.91,2,2,2,2,2,2,2,2,1,1,42767,59
207,ohvola.com/,,0,1,2,2,2,2,1,2,0,2,0,1,1,1,0,1,0,0,7.5,124430,101895.73,81.89,2,1,0,0,0,1,0,0,0,0,0,0,532,14,2,1,1,1,1,5,1,44.9,55.25,2,2,2,2,2,0,0,0,0,1,nan,
209,olx.ph,,0,1,2,2,2,2,0,1,1,2,0,0,1,1,1,2,0,2,7,43130000,211337,0.49,1,1,0,1,0,1,1,1,1,0,0,0,1431,36,2,1,1,1,1,4,1,44.5,52.93,1,1,2,2,0,0,2,0,0,2,nan,
210,opentaste.sg/,,1,1,2,2,2,2,1,1,1,1,0,0,2,2,2,2,0,0,8.5,68169,57780.04,84.76,2,1,3,0,0,0,0,0,0,1,0,0,1368,7,2,1,1,1,1,13,1,43.2,48.42,1,1,2,2,2,0,2,0,1,1,Jan 1 2015,821
211,opentrolley.com.sg,,1,1,1,1,1,,,,,,,,,,,,,,,102680,53516.82,52.12,2,1,,1,0,0,0,0,0,0,0,0,,7,2,,,,,,,,,,,,,,,,,,,NaN,
212,order.brindas.com.sg,,1,1,2,2,2,2,1,1,1,0,0,0,1,1,0,2,0,0,5.5,23507,23507,100,2,1,0,0,0,0,0,0,0,1,0,0,1123,6,1,1,1,1,1,6,1,35.3,41.64,2,1,2,2,0,0,0,0,0,1,nan,
213,orders.peperoni.com.sg,peperoni.com.sg/order,1,1,1,1,1,,,,,,,,,,,,,,,13726,13123.43,95.61,2,1,,0,0,0,0,0,0,1,0,0,,1,1,,,,,,,,,,,,,,,,,,,Nan,
214,Ouo.io,,0,1,1,1,1,,,,,,,,,,,,,,,175000000,717500,0.41,1,1,,0,0,0,0,1,0,0,0,0,,5,1,,,,,,,,,,,,,,,,,,,Nan,
215,oxylane.com,decathlon.sg/,1,2,2,2,2,2,1,1,0,2,2,2,2,1,2,2,0,2,10.5,4680000,4680,0.1,2,1,4,1,0,1,0,0,0,0,0,0,3331,19,2,1,2,1,1,8,1,39,55.6,2,2,2,2,2,0,0,0,2,2,42675,151
218,pastamaniadelivery.sg/,,1,1,2,2,2,2,0,1,1,0,0,0,2,0,0,2,0,0,5,121321,119015.9,98.1,2,1,1,0,0,0,0,0,0,1,0,0,679,16,2,1,1,1,1,9,1,42.3,52.84,1,1,2,2,0,0,0,0,0,1,41345,1481
219,"Paypal.com
",,0,1,2,2,2,2,2,2,1,2,0,2,2,1,1,2,0,0,10,1624000000,5359200,0.33,2,1,3,0,0,0,0,1,0,0,0,0,3263,30,2,1,1,1,1,11,1,34.7,37.81,2,2,2,2,2,2,2,0,2,2,"October 1, 2015",548
220,phdelivery.com.sg/,,1,1,2,2,2,2,1,1,0,2,2,0,2,1,0,2,0,0,7.5,587228,568965.21,96.89,2,2,1,0,0,0,0,0,0,1,0,0,1655,11,2,1,1,1,1,11,1,38.7,48.93,1,1,2,2,1,2,2,1,1,1,41639,1187
221,philips.com.sg,,1,1,2,2,2,2,2,2,0,2,0,2,2,1,1,2,0,0,9,607738,308730.9,50.8,2,2,4,1,0,0,0,1,0,0,0,0,2650,24,2,1,1,1,1,15,1,38,45.62,2,2,2,2,2,2,2,0,1,1,"May 1, 2016",335
222,pixiemarket.com/,,0,1,2,2,2,2,0,1,2,0,0,0,1,0,0,0,0,0,3,613129,3985.34,0.65,1,1,0,0,0,1,0,0,0,0,0,0,113,21,2,1,1,1,1,1,1,47.8,49.5,1,1,2,2,1,0,0,0,0,1,nan,
223,pizzadefrance.com/,,0,1,1,1,1,,,,,,,,,,,,,,,7663,7663,100,2,1,,0,0,0,0,0,0,1,0,0,,3,1,,,,,,,,,,,,,,,,,,,Nan,
224,plus.com.sg/,,1,1,2,2,2,2,1,1,0,0,2,2,2,0,0,2,0,0,7,259252,239808.1,92.5,2,1,3,1,0,1,1,1,0,0,0,0,1241,15,2,1,2,1,1,8,1,48.7,63.24,1,1,2,2,2,0,0,0,0,1,42247,579
226,Poems.com.sg,,1,2,2,2,2,2,1,1,1,1,2,2,1,2,2,2,0,0,9.5,1031000,946561.1,91.81,2,1,0,0,0,0,0,0,0,0,1,0,2903,14,2,1,2,1,1,27,1,37.5,49.83,0,0,2,2,2,0,0,0,0,1,nan,
227,popeyesdelivery.com.sg/,,1,1,2,2,2,2,0,2,1,0,0,0,2,1,0,2,0,2,7.5,83832,75717.06,90.32,2,2,4,0,0,0,0,0,0,1,0,0,1971,7,1,1,1,1,1,7,1,35.1,52.21,1,1,2,2,0,0,2,0,2,2,42394,432
228,popular.com.sg,,1,1,2,2,2,2,1,1,2,2,2,2,1,1,0,2,2,0,9.5,376806,284526.21,75.51,2,1,0,1,0,0,0,0,0,0,0,0,1020,12,2,1,1,1,1,6,1,37.6,51.78,2,2,2,2,2,0,2,2,0,1,nan,
229,Posb.com.sg,,1,2,2,2,2,2,2,1,2,2,2,2,2,1,0,2,0,0,9.5,2895000,2635608,91.04,2,2,3,0,0,0,0,0,0,0,1,0,1724,20,2,1,2,1,1,11,1,45.5,47.77,0,0,2,2,2,0,2,0,1,1,42094,732
231,primeonline.com.sg/,,1,1,2,2,2,2,0,1,0,0,0,0,1,2,1,0,0,0,3.5,31737,21739.85,68.5,2,1,0,0,0,0,0,0,0,1,0,0,213,21,2,1,1,1,1,0,1,23.4,41.27,1,1,2,0,2,0,0,0,0,1,nan,
232,printcious.com/sg,,0,1,2,2,2,2,0,1,2,1,0,0,1,0,0,1,0,0,4.5,131714,4280.71,3.25,1,1,0,0,0,1,0,0,1,0,0,0,411,23,2,1,1,1,1,6,1,40.1,43.22,1,1,2,0,0,0,0,0,0,1,nan,
233,Propertyguru.com.sg,,1,2,2,2,2,2,1,2,0,2,0,2,1,1,1,2,1,1,10,3814000,3169815.4,83.11,2,1,0,0,0,0,0,0,0,0,0,1,2176,25,1,1,2,1,1,11,1,38.5,61.98,1,0,2,2,0,0,2,0,1,2,nan,
234,purelyfresh.com.sg/,,1,2,2,2,2,2,1,1,2,2,0,0,1,1,1,1,0,0,7,52147,43214.22,82.87,2,1,0,0,0,0,0,0,0,1,0,0,1189,12,2,2,2,1,1,7,1,53.5,65.05,1,1,2,2,0,0,2,0,0,1,nan,
235,qbfood.com.sg/,,1,1,2,2,2,1,0,1,1,0,0,0,1,1,0,1,0,0,3.5,58600,50647.98,86.43,2,1,0,0,0,0,0,0,0,1,0,0,238,7,1,1,1,1,1,0,1,28.8,53.3,1,1,0,0,0,0,0,0,0,1,nan,
236,Qoo10.sg,,1,1,2,2,2,2,1,2,1,2,0,2,2,1,1,2,2,0,11,25580000,21952756,85.82,2,1,1,1,0,1,1,1,0,1,0,0,2462,13,2,1,1,1,1,15,1,32.4,39.38,2,1,2,2,2,0,2,0,1,1,"July 5, 2013",1366
238,R18.com,,0,1,2,2,2,2,1,1,0,1,0,2,2,0,0,2,2,0,7.5,29790000,1650366,5.54,1,1,2,0,0,0,0,0,0,0,0,1,1843,9,2,1,1,2,1,7,1,26.7,26.06,2,2,2,2,2,0,0,0,2,1,"May 1, 2014",1066
239,raffleshotelgifts.com/,,0,1,2,2,2,2,0,1,0,2,0,0,1,1,0,1,0,0,4.5,6621,3434.31,51.87,2,1,0,0,0,1,0,0,1,0,0,0,419,3,1,1,1,1,2,4,1,34.5,37.95,2,2,2,2,0,0,0,0,0,1,nan,
240,rakuten.com,,0,2,2,2,2,2,1,2,1,2,0,2,2,1,0,2,2,2,11.5,37280000,458544,1.23,2,2,2,1,0,1,1,1,0,0,0,0,8583,89,2,1,1,1,1,14,1,26.6,39.6,2,2,2,2,2,0,2,0,1,2,"January 31, 2014",1156
242,rbs.com/,http://personal.rbs.co.uk/personal.html,0,1,2,2,2,1,0,1,0,0,0,0,1,0,0,0,2,0,2,2544253.12,12466.84,0.49,2,2,0,0,0,0,0,0,0,0,1,0,857,39,1,1,1,1,1,9,1,58.8,54.62,0,0,0,0,0,0,0,0,2,1,nan,
243,Reallifecam.com,,0,1,2,2,2,2,1,1,2,1,0,0,1,1,1,0,0,0,5.5,150300000,646290,0.43,1,1,0,0,0,0,0,0,0,0,0,1,1077,4,1,1,1,1,1,11,1,40.5,45.47,2,2,2,2,0,0,0,0,0,1,nan,
244,redmart.com,,0,2,2,2,2,2,1,1,2,2,2,2,1,1,0,2,0,0,8.5,1811000,1467453.3,81.03,2,1,0,0,0,0,0,0,0,1,0,0,2159,96,2,1,2,2,1,14,1,41.9,62.31,2,1,2,2,0,0,2,0,1,1,nan,
245,Redtube.com,,0,1,2,2,2,2,1,2,0,0,0,0,2,1,0,1,0,1,7.5,1045000000,940500,0.09,1,1,1,0,0,0,0,0,0,0,0,1,1572,48,2,1,1,1,1,9,1,36.9,47.51,2,2,2,2,0,2,2,0,0,1,40673,2153
246,reebonz.com/sg,,0,1,2,2,2,2,1,2,0,2,0,0,1,2,2,2,0,0,8,125477,88373.45,70.43,2,1,0,0,0,1,0,0,0,0,0,0,1928,100,2,1,1,1,1,9,1,34.1,47.65,2,2,2,2,2,0,2,0,1,1,nan,
247,rhbgroup.com/,,0,1,2,2,2,2,0,1,0,2,0,0,1,2,1,2,0,0,5.5,2586438.23,47590.46,1.84,2,2,0,0,0,0,0,0,0,0,1,0,1087,13,2,1,1,1,1,8,1,32.4,50.16,0,0,2,2,2,0,0,2,0,1,nan,
248,"Roblox.com
",,0,2,2,2,2,2,2,2,2,1,2,2,2,0,2,2,2,2,12.5,377500000,1510000,0.4,1,1,5,0,0,0,0,1,0,0,0,0,3160,21,2,1,1,2,1,12,1,35.6,39.62,2,2,2,2,2,2,0,0,2,1,"January 10, 2017",81
249,roomorama.com/,,0,1,2,2,2,2,0,1,2,2,0,2,1,1,2,2,2,2,9.5,604440,15534.11,2.57,2,1,0,0,1,0,0,0,0,0,0,0,1607,35,2,1,1,1,1,10,1,34.6,44.08,1,1,2,2,0,0,2,0,1,2,nan,
250,runwaybandits.com/,,0,1,2,2,2,2,0,1,0,0,0,0,1,0,0,2,0,0,3,184332,149788.18,81.26,2,1,0,0,0,1,0,0,0,0,0,0,142,9,1,1,1,1,1,1,1,29.1,44.83,1,1,2,0,2,0,0,0,0,1,nan,
251,sakaedelivery.com/,,0,1,1,1,1,,,,,,,,,,,,,,,48627,48306.06,99.34,2,2,,0,0,0,0,0,0,1,0,0,,18,1,,,,,,,,,,,,,,,,,,,nan,
253,sarpinos.sg/,,1,1,2,2,2,2,1,1,2,0,2,0,1,2,0,1,2,0,8,82949,75541.65,91.07,2,1,0,0,0,0,0,0,0,1,0,0,1201,9,2,1,1,1,1,11,1,31.7,41.62,1,1,2,0,0,2,2,1,0,1,nan,
254,sc.com/,"https://ibank.standardchartered.com.sg/nfs/login.htm
see Standardchatered.com.sg below",1,2,2,2,2,1,2,1,0,2,1,2,2,1,1,2,0,0,7.5,16594851.4,1432135.68,8.63,2,2,2,0,0,0,0,0,0,0,1,0,949,26,2,1,1,1,1,9,1,36.8,48.17,0,0,0,0,0,0,0,0,0,1,41792,1034
255,"scotiabank.com/ca/en/0,,2,00.html",,0,2,2,2,2,2,1,2,0,2,2,2,1,2,2,2,2,1,12,58450000,16786840,28.72,2,2,0,0,0,0,0,0,0,0,1,0,9208,63,2,1,1,2,2,26,1,30.1,37.02,0,0,2,2,2,2,2,2,2,2,nan,
256,"Scribd.com
",,0,1,2,2,2,2,1,2,0,0,0,2,2,1,1,2,0,1,9,272200000,816600,0.3,1,1,1,0,0,0,0,1,0,0,0,0,2275,30,2,1,1,1,1,11,1,32.3,88.3,2,2,2,2,0,2,0,0,2,1,"April 18, 2013",1444
257,seagm.com/,,0,1,2,2,2,2,0,2,0,0,0,0,1,1,1,0,1,1,6,1388000,176692.4,12.73,1,1,0,0,0,0,0,1,0,0,0,0,591,66,2,1,1,1,1,5,1,27,28.48,2,1,2,2,0,0,0,0,2,1,nan,
258,secretsfinefood.com.sg/,,1,1,2,2,2,2,0,1,2,0,0,0,1,1,0,1,0,0,4.5,13349,11598.95,86.89,2,1,0,0,0,0,0,0,0,1,0,0,406,16,1,1,1,1,1,1,1,48.4,54.72,2,1,2,2,0,0,0,0,0,1,nan,
259,sg.bestbuy-world.com/,,0,1,2,2,2,2,0,1,0,0,0,0,1,0,2,1,0,0,4,93206,71908.43,77.15,2,1,0,0,0,0,1,0,0,0,0,0,117,64,1,1,1,1,2,2,1,46.2,53.21,1,1,2,0,0,0,0,0,0,1,nan,
260,sg.club21global.com/club21/,,0,2,2,2,2,2,1,1,0,2,2,2,2,1,0,2,0,0,8.5,188074,115947.62,61.65,2,1,4,0,0,1,0,0,0,0,0,0,2969,33,2,1,2,1,1,11,1,31.4,59.81,2,2,2,2,2,0,0,2,1,1,42522,304
261,sg.shop.com/,,0,1,2,2,2,2,1,1,2,0,0,0,2,1,0,2,2,2,8.5,248961,199044.32,79.95,2,1,4,1,0,1,1,1,0,1,0,0,1461,46,2,1,1,1,1,11,1,39.5,48.76,2,2,2,2,2,0,0,0,1,1,"April 6, 2016",360
262,sg.smoochthelabel.com,,0,1,2,2,2,2,0,1,0,0,0,0,1,0,0,0,0,0,2,20595,13069.59,63.46,2,1,0,0,0,1,0,0,0,0,0,0,208,24,2,1,1,1,1,1,1,31.1,42.64,1,1,2,2,0,0,0,0,0,1,nan,
263,sg.yamaha.com/,http://www.yamaha.com.sg/eshop/en/yamaha,1,2,2,2,2,2,0,2,2,2,2,0,1,1,1,2,0,2,9,118027,86490.19,73.28,2,2,0,1,0,0,0,0,0,0,0,0,1596,18,2,1,1,1,1,7,1,38,53.04,2,1,2,2,2,0,0,0,1,1,nan,
265,"Sgcarmart.com
",,0,2,2,2,2,2,1,1,0,2,2,0,2,2,2,2,0,2,9,3527000,2925999.2,82.96,2,2,1,0,0,0,0,0,0,0,0,1,1716,71,1,1,1,1,1,11,1,35.6,37.65,2,1,2,2,0,2,0,0,0,1,41289,1537
266,sgpcmart.com/,,0,1,1,1,1,,,,,,,,,,,,,,,35172,28823.45,81.95,2,1,,0,0,0,0,1,0,0,0,0,,9,1,,,,,,,,,,,,,,,,,,,nan,
268,Shaw.sg,,1,2,2,2,2,2,1,1,1,2,0,0,2,1,1,2,1,0,8,1976000,1870086.4,94.64,2,2,2,1,0,0,0,0,0,0,0,0,1396,19,1,1,2,1,2,9,1,43.2,51.17,0,2,2,2,2,2,0,0,1,2,41981,845
269,https://allforyou.sg/,,1,1,2,2,2,2,0,1,1,0,0,0,1,0,0,2,2,0,5,209450,196024.26,93.59,2,2,0,0,0,0,1,1,1,1,0,0,405,8,2,1,1,1,1,1,1,35.6,50.95,2,1,2,2,0,0,0,0,1,1,NA,
271,Shopback.sg,,1,1,2,2,2,2,0,1,2,2,2,2,2,2,2,2,0,0,10,1776000,1561636.8,87.93,2,1,3,0,0,1,1,1,1,0,0,0,2224,91,2,1,2,1,1,13,1,32.2,40.44,1,0,2,2,2,2,0,0,0,1,42303,523
272,shopbop.com,,0,1,2,2,2,2,2,2,2,1,0,0,2,0,2,2,2,2,10.5,15740000,193602,1.23,1,2,4,0,0,1,0,0,0,0,0,0,2911,35,2,1,1,1,1,11,1,38.38,46.16,2,2,2,2,2,2,1,1,1,2,42683,143
273,Shopee.sg,,1,1,2,2,2,2,1,2,1,2,2,2,1,2,1,2,2,2,12.5,1362000,1060453.2,77.86,2,1,0,0,0,1,1,1,1,0,0,0,5252,94,2,1,1,1,2,20,1,45.45,53.57,2,1,2,2,2,2,2,0,1,2,NA,
274,"Shopify.com
",,0,2,2,2,2,2,0,2,1,2,1,2,2,1,1,2,2,2,10.5,213500000,1558550,0.73,1,2,5,0,0,0,0,1,0,0,0,0,2969,27,2,1,1,1,1,12,1,39.16,47.09,1,1,2,2,1,1,1,1,0,1,42640,186
275,shopmegagamie.com/,,0,1,1,1,1,,,,,,,,,,,,,,,131022,121260.86,92.55,2,1,,0,0,1,0,0,0,0,0,0,,8,1,,,,,,,,,,,,,,,,,,,nan,
276,shopsupergurl.com/,,0,1,2,2,2,2,1,1,0,0,0,0,2,1,1,0,0,0,4,132044,121586.12,92.08,2,1,1,0,0,1,0,0,0,0,0,0,518,9,1,1,1,1,1,4,1,45.56,54.4,2,2,2,2,0,0,0,0,0,1,41260,1566
277,shopy.sg/,,1,1,2,2,2,2,1,1,2,0,0,0,2,1,1,2,0,0,6,8141,4653.4,57.16,2,1,4,0,0,0,0,1,0,0,0,0,3174,18,2,1,1,1,1,22,1,38.82,50.91,1,2,2,2,0,0,0,0,0,1,42459,367
278,"Shutterstock.com
",,0,2,2,2,2,2,2,2,1,2,2,2,2,2,2,2,2,0,12,191200000,860400,0.45,1,2,4,0,0,0,0,1,0,0,0,0,3366,43,2,2,1,1,1,16,1,39.5,47.72,2,1,2,1,1,1,0,0,0,2,42643,183
279,"Singaporeair.com
",,0,2,2,2,2,2,1,2,0,2,2,2,1,2,2,2,2,1,12,11180000,3045432,27.24,2,2,0,0,1,0,0,0,0,0,0,0,3583,157,2,1,1,1,1,16,1,37.6,43.54,1,2,2,2,2,1,1,2,0,1,na,
282,http://www.singaporepools.com.sg,,1,2,1,2,2,2,1,1,0,0,0,0,1,1,1,0,0,0,3,7916000,7317550.4,92.44,2,1,0,0,0,0,0,0,0,0,0,1,635,7,2,1,1,1,2,6,1,52.3,56.5,1,0,2,2,0,0,2,0,0,1,NA,
284,"Singtel.com
",,0,2,2,2,2,2,1,1,0,0,0,2,1,2,1,2,0,0,6.5,15290000,12658591,82.79,2,2,0,0,0,0,0,1,0,0,0,1,1266,78,2,1,2,1,1,8,1,23.6,32.28,1,0,2,2,0,2,2,0,0,1,NA,
286,sixthempire.com/,,0,1,1,1,1,,,,,,,,,,,,,,,20441,19059.19,93.24,2,1,,0,0,1,0,0,0,0,0,0,,3,1,,,,,,,,,,,,,,,,,,,,
288,sony.com.sg,,1,2,2,2,2,2,1,1,0,2,0,0,1,0,0,2,0,0,5,769588,540789.49,70.27,2,2,0,0,0,0,0,1,0,0,0,0,1759,41,2,1,2,1,1,6,1,44.4,51.45,2,0,2,2,0,2,2,0,0,1,na,
289,sonymobile.com,,0,2,2,2,2,2,1,2,0,2,2,2,2,2,2,2,2,0,12,206200000,948520,0.46,2,2,5,0,0,0,0,1,0,0,0,0,6585,10,2,1,2,2,2,17,1,28,37.63,0,2,2,2,2,2,2,0,0,2,42095,731
290,soundalchemy.com.sg/,,1,1,1,1,1,,,,,,,,,,,,,,,27667,19425,70.21,2,1,,1,0,0,0,0,0,0,0,0,,9,1,,,,,,,,,,,,,,,,,,,N,
291,"Soundcloud.com
",,0,1,2,2,2,2,2,2,0,2,1,2,2,0,2,2,2,2,11.5,895400000,2238500,0.25,1,1,4,1,0,0,0,0,0,0,0,0,5560,118,2,1,1,1,1,12,1,40.3,53.07,2,2,2,2,2,2,2,1,0,2,42458,368
292,souvenirs.sg,https://supermamastore.com,1,1,1,2,2,2,0,1,0,0,0,0,1,0,0,0,0,0,1,6707,5250.91,78.29,2,1,0,0,0,0,0,0,1,0,0,0,56,17,2,1,1,1,1,1,1,62.1,69.79,0,2,2,0,0,0,0,0,0,1,NA,
293,spizza.sg/,,1,1,1,1,1,,,,,,,,,,,,,,,60053,56305.69,93.76,2,1,,0,0,0,0,0,0,1,0,0,,9,1,,,,,,,,,,,,,,,,,,,nan,
294,"Spotify.com
",,0,2,2,2,2,2,2,1,0,2,0,2,2,0,0,2,2,2,9,618700000,3217240,0.52,2,1,3,1,0,0,0,0,0,0,0,0,6697,49,2,1,1,1,1,13,1,43.6,52,2,2,2,2,2,2,2,1,0,1,42256,570
296,Starhub.com,,0,2,2,2,2,2,1,1,0,0,0,0,1,1,1,2,0,0,5,7106000,6313681,88.85,2,2,0,0,0,0,0,1,0,0,0,0,2941,52,1,1,2,1,1,0,1,29.4,36.24,1,0,2,2,2,2,0,0,0,1,N,
299,Steampowered.com,,0,1,2,2,2,2,1,2,0,2,1,2,2,1,1,2,2,2,11.5,579800000,2319200,0.4,1,2,5,0,0,0,0,1,0,0,0,0,1904,6,2,2,1,1,1,10,1,32.2,50.91,2,2,2,2,2,1,1,1,0,2,42736,90
300,store.ebenex.com/,,0,1,2,2,2,2,1,1,1,0,0,0,2,2,2,0,0,0,7,12300,10040.49,81.63,2,1,1,1,0,0,0,0,0,0,0,0,11134,3,1,1,1,1,1,12,1,39,48.39,1,1,2,2,1,1,1,1,0,1,37839,4987
301,store.togoparts.com/,,0,1,2,2,2,2,1,1,0,1,0,0,2,1,0,0,0,0,5,40044,36171.75,90.33,2,1,4,1,0,0,0,0,0,0,0,0,907,36,2,1,1,1,2,12,1,21,38.67,1,1,2,2,0,0,0,0,0,1,42370,456
303,styletribute.com/,,0,1,2,2,2,2,2,1,0,0,0,0,1,1,1,1,2,0,6,86140,39848.36,46.26,2,1,0,0,0,1,0,0,0,0,0,0,1002,41,2,1,1,2,1,5,1,45.1,54.82,1,1,2,2,0,2,0,0,0,1,NA,
304,sunnanz.com/,,0,1,2,2,2,2,1,1,1,0,1,0,1,1,1,0,0,0,5.5,37785,29003.77,76.76,2,1,0,0,0,0,1,0,0,0,0,0,933,28,1,1,1,1,1,7,1,55,63.16,1,1,2,2,1,1,1,1,0,1,NA,
305,sunsky-online.com/,,0,1,2,2,2,2,0,0,1,0,0,0,1,0,0,0,0,0,3,1388000,9022,0.65,1,1,0,0,0,0,0,1,0,0,0,0,453,13,2,1,1,1,1,3,1,19,30.11,2,1,2,2,0,0,0,0,0,1,NA,
306,sweelee.com.sg/,,1,1,2,2,2,2,1,0,1,0,0,0,1,1,1,2,0,0,6,336028,208639.79,62.09,2,1,0,1,0,0,0,0,0,0,0,0,1097,34,2,1,1,2,1,7,1,55.3,63.96,1,1,2,2,1,1,1,1,0,1,NA,
307,synwin.com.sg/,,1,1,1,1,1,,,,,,,,,,,,,,,24372,17201.76,70.58,2,1,,1,0,0,0,0,0,0,0,0,,2,1,,,,,,,,,,,,,,,,,,,Nan,
308,target.com,,0,1,2,2,2,2,2,2,2,2,1,2,2,2,2,2,2,2,13.5,602500000,241000,0.04,1,2,4,0,0,1,1,0,1,1,0,0,3620,5,2,2,1,2,1,13,1,43,50.35,2,2,2,2,1,1,1,1,0,2,42643,183
310,theclosetlover.com/,,0,1,1,2,2,2,2,1,2,0,1,0,1,0,0,0,0,0,3.5,474931,410530.36,86.44,2,1,0,0,0,1,0,0,0,0,0,0,331,23,1,1,1,1,1,4,1,39,49.57,1,1,2,0,2,0,0,0,0,1,N,
311,theeditorsmarket.com/home,,0,1,1,1,1,,,,,,,,,,,,,,,144576,121270.35,83.88,2,1,,0,0,1,0,0,0,0,0,0,,7,1,,,,,,,,,,,,,,,,,,,Nan,
312,thefarmstore.sg,,1,1,2,2,2,2,0,1,0,0,0,1,1,0,0,0,0,0,3,12306,9422.7,76.57,2,1,0,0,0,0,0,0,1,0,0,0,100,5,1,1,1,1,1,1,1,24,38.49,1,1,2,0,0,0,0,0,0,1,n,
313,thejuicemarket.com/,,0,2,2,2,2,2,1,1,0,0,0,0,2,1,1,0,0,0,5,58262,52505.71,90.12,2,1,3,0,0,1,0,0,0,0,0,0,514,4,1,1,1,1,1,4,1,43.5,52.41,2,2,2,0,0,0,0,0,0,1,42145,681
314,theluxenomad.com/,,0,1,2,2,2,2,2,2,0,2,0,0,2,0,0,2,2,2,9,107893,18233.92,16.9,1,1,1,0,1,0,0,0,0,0,0,0,2064,70,2,1,1,1,1,8,1,31.5,39.74,2,2,2,2,0,2,0,0,0,2,41068,1758
315,Themeforest.net,,0,2,2,2,2,2,1,0,0,2,0,2,2,2,2,2,2,1,11,79610000,358245,0.45,1,1,3,0,0,0,0,0,0,0,0,1,1994,8,2,1,1,2,1,14,1,33.6,44.24,2,2,2,2,2,2,2,0,1,1,42125,701
316,Tigerair.com,,0,2,2,2,2,2,0,0,0,2,2,2,1,1,1,2,2,1,9,6839000,1888247.9,27.61,2,2,0,0,1,0,0,0,0,0,0,0,2168,30,2,1,1,1,1,10,1,38.2,46.58,0,2,2,2,2,0,0,2,1,2,,
317,Toggle.sg,,1,1,2,2,2,2,0,0,2,0,0,0,1,0,0,0,0,0,3,6846000,5722571.4,83.59,2,2,0,1,0,0,0,0,0,0,0,0,789,94,1,1,1,1,1,10,1,43.6,52.16,2,1,0,1,0,0,0,0,0,1,N,
318,totallyhotstuff.com,,0,2,2,2,2,2,2,0,0,2,0,0,1,1,1,0,0,0,5,28971,26444.73,91.28,2,1,0,0,0,0,0,0,1,0,0,0,533,7,2,1,1,1,1,5,1,45.5,48.35,2,1,2,2,2,2,0,0,0,1,N,
319,toytag.com/,,0,1,2,2,2,2,2,0,0,0,0,0,1,1,0,1,0,1,5.5,25996,19338.42,74.39,2,1,0,0,0,0,0,0,1,0,0,0,636,29,1,1,1,1,1,7,1,47.8,54.06,1,1,2,0,0,0,0,0,0,1,N,
320,"Twitch.tv
",,0,2,2,2,2,2,2,2,0,0,0,0,2,1,1,2,2,2,9,1557000000,5760900,0.37,1,1,5,1,0,0,0,0,0,0,0,0,2646,44,2,1,1,2,1,13,1,38.8,45.93,2,2,2,2,2,2,1,1,0,2,42779,47
322,tymusiccenter.com/,,0,1,1,1,1,,,,,,,,,,,,,,,13230,12372.7,93.52,2,1,,1,0,0,0,0,0,0,0,0,,9,1,,,,,,,,,,,,,,,,,,,,
323,"Udemy.com
",,0,1,2,2,2,2,2,2,0,2,1,2,2,2,2,2,2,2,12.5,126500000,1189100,0.94,1,1,4,0,0,0,0,0,0,0,0,1,8689,33,2,2,1,2,1,17,1,38.2,45.62,2,2,2,2,2,2,2,0,0,2,42584,242
324,underarmour.com.sg,,1,1,2,2,2,2,2,2,2,2,2,2,2,1,2,2,0,0,11.5,28880000,80864,0.28,2,2,4,0,0,1,0,0,0,0,0,0,9914,63,2,2,1,2,2,14,1,37.1,46.41,2,2,2,2,2,2,2,1,0,1,42370,456
325,uniqlo.com,,0,1,2,2,2,2,1,2,1,1,1,0,1,0,2,1,0,0,8,108200000,1406600,1.3,2,2,0,0,0,1,0,0,0,0,0,0,1202,111,2,1,1,1,1,6,1,46,54.04,2,2,2,2,1,2,1,1,0,1,N,
326,Uob.com.sg,,1,2,2,2,2,2,0,1,0,0,0,1,2,1,2,2,0,0,6.5,5109000,4498474.5,88.05,2,2,2,0,0,0,0,0,0,0,1,0,1129,41,2,1,1,1,2,11,1,50.7,57.39,2,0,2,0,0,0,0,0,0,1,41821,1005
328,Upwork.com,,0,1,2,2,2,2,2,2,1,2,2,2,2,1,2,2,2,2,13.5,95920000,431640,0.45,1,1,1,0,0,0,0,0,0,0,0,1,5971,98,2,1,1,1,1,14,1,3.22,44.84,2,1,2,2,2,2,1,1,1,1,39065,3761
329,vaniday.com.sg/,,1,1,2,2,2,2,0,2,1,2,1,1,1,1,1,2,0,0,8.5,153314,115430.11,75.29,2,1,0,0,0,0,1,0,0,0,0,0,1550,46,2,1,1,1,1,8,1,43.7,51.03,2,1,2,0,2,2,0,0,1,2,N,
330,victoriassecret.com/,,0,2,2,2,2,2,0,2,0,0,0,2,2,1,1,2,2,2,9,123800000,346640,0.28,2,2,5,0,0,1,0,0,0,0,0,0,3676,41,2,1,1,1,1,10,1,37.5,46.44,1,1,2,2,2,2,0,0,1,2,42803,23
331,"Vimeo.com
",,0,1,2,2,2,2,2,2,0,2,2,2,2,1,1,2,0,2,11,629900000,2393620,0.38,1,1,4,1,0,0,0,0,0,0,0,0,3748,133,2,1,1,1,1,13,1,32.8,42.1,1,1,2,2,2,2,0,0,1,2,42564,262
332,Viu.com,,0,2,2,2,2,2,2,2,0,2,2,2,1,1,1,2,0,0,9,9434000,2083970.6,22.09,1,1,0,1,0,0,0,0,0,0,0,0,2876,41,2,1,2,2,1,2,1,28,34.89,0,0,2,2,2,2,0,0,0,1,N,
333,vpost.com.sg,,1,2,2,2,2,2,1,1,2,2,0,2,1,0,0,2,2,0,8,640908,541951.8,84.56,2,2,0,0,0,0,0,0,0,0,0,1,3261,14,2,1,2,1,1,13,1,55.3,63.44,2,1,2,2,2,0,0,0,1,1,N,
334,"Weebly.com
",,0,2,2,2,2,2,2,2,2,2,2,2,2,2,2,2,2,2,14,334100000,1470040,0.44,1,1,4,0,0,0,0,0,0,0,0,1,3609,37,2,1,1,2,1,11,1,40,48.52,2,2,2,2,2,2,0,0,2,2,42636,190
335,wego.com.sg/,,1,1,2,2,2,2,2,0,2,0,0,0,1,0,0,2,2,2,7,150787,124052.46,82.27,2,1,0,0,1,0,0,0,0,0,0,0,1075,91,2,1,1,1,1,8,1,33.6,41.82,2,0,2,2,1,1,1,1,2,2,N,
336,westpac.com.au/,,0,2,2,2,2,2,0,0,0,2,0,2,1,2,2,2,0,0,7,41279406.17,82558.81,0.2,1,2,0,0,0,0,0,0,0,0,1,0,2744,26,2,1,1,2,1,10,1,55.8,64.24,0,0,2,2,2,0,0,0,0,1,N,
337,"Wetransfer.com
",,0,1,2,2,2,2,1,0,2,2,2,2,2,1,1,2,0,0,10,261300000,966810,0.37,1,1,5,0,0,0,0,1,0,0,0,0,2425,9,2,1,1,1,1,12,2,47.7,57.12,2,2,2,2,1,1,1,1,0,1,42775,51
339,wholesale7.net/,,0,1,2,2,2,2,2,0,2,2,0,0,1,1,0,0,0,0,5.5,1580000,50086,3.17,1,1,0,0,0,1,0,0,0,0,0,0,495,47,1,1,1,1,1,6,1,41.2,49.79,1,1,2,2,1,2,1,1,0,1,N,
340,whymobile.com,,0,1,1,1,1,,,,,,,,,,,,,,,334493,283215.22,84.67,2,1,,0,0,0,0,1,0,0,0,0,,121,1,,,,,,,,,,,,,,,,,,,,
341,wimdu.com/,,0,1,2,2,2,2,0,1,0,0,0,2,1,0,0,2,2,2,6,753865,2864.69,0.38,1,1,0,0,1,0,0,0,0,0,0,0,2921,115,2,1,1,1,1,4,1,44.9,51.76,2,2,2,2,2,2,0,0,2,1,N,
342,wine-family.com/,,0,1,2,2,2,2,0,1,2,0,2,0,1,0,0,0,0,0,4,18084,7345.72,40.62,2,1,0,0,0,0,0,0,0,1,0,0,435,23,1,1,1,1,1,1,1,20.8,24.73,2,1,2,2,0,0,0,2,0,1,N,
343,"Wix.com
",,0,1,2,2,2,2,2,2,1,2,2,2,2,2,2,2,2,2,14,184600000,775320,0.42,1,2,5,0,0,0,0,0,0,0,0,1,6513,28,2,1,1,2,1,16,2,38.6,45.85,2,2,2,2,2,0,2,0,2,1,42751,75
344,"Wordpress.com
",,0,1,2,2,2,2,1,2,2,1,2,2,2,0,2,2,2,2,12.5,2545000000,12979500,0.51,1,1,4,0,0,0,0,0,0,0,0,1,1422,143,2,1,1,1,1,9,2,31.1,36.31,2,2,2,2,2,2,0,0,0,2,42676,150
346,"Wsj.com
",,0,2,2,2,2,2,0,2,0,2,2,2,2,1,1,2,2,2,11,260600000,1459360,0.56,1,1,3,0,0,0,0,0,0,0,0,1,4118,87,2,1,1,1,1,8,1,34.1,41.35,2,2,2,2,2,0,2,0,0,2,42129,697
347,xfers.com,,0,1,2,2,2,2,1,2,0,2,2,2,2,2,2,2,0,1,12,41533,24400.64,58.75,2,1,4,0,0,0,0,0,0,0,1,0,3524,6,2,1,1,1,1,8,1,34.3,42.38,0,0,2,2,2,2,0,0,1,1,42476,350
348,xpressgiftz.com/,,0,1,2,2,2,2,0,2,0,0,2,0,1,0,2,2,0,0,6,11301,4667.31,41.3,2,1,0,0,0,0,0,0,1,0,0,0,496,5,1,1,1,1,1,5,1,40.2,47.27,2,1,0,2,0,0,0,0,0,1,N,
349,younghungryfree.com/,,0,1,2,2,2,2,1,0,1,0,0,2,1,1,1,1,0,0,7,135108,84969.42,62.89,2,1,0,0,0,1,0,0,0,0,0,0,1684,22,1,1,2,1,1,10,1,34.88,44.35,1,0,2,2,2,2,0,0,0,2,N,
350,Zalora.sg,,1,2,2,2,2,2,0,0,0,0,0,0,1,0,0,2,0,0,3,3953000,3449783.1,87.27,2,1,0,0,0,1,0,0,0,0,0,0,2404,23,2,1,2,1,1,8,1,21.3,28.01,1,1,2,2,0,2,0,0,0,1,N,
351,zara.com,,0,2,2,2,2,2,1,0,0,2,2,2,1,0,0,2,0,0,7,163800000,278460,0.17,2,2,0,0,0,1,0,0,0,0,0,0,2838,38,1,1,1,1,1,6,1,40.6,46.38,2,2,2,2,2,0,0,0,1,1,N,
352,zilingo.com/en-sg/,,0,2,2,2,2,2,0,0,1,0,1,0,2,1,1,2,2,2,8.5,585458,132196.42,22.58,2,1,4,0,0,1,0,0,0,0,0,0,1084,14,2,1,1,1,1,5,1,40.2,46.45,1,1,2,2,2,0,0,0,1,1,42579,247
